t,n,ke,vcm,vc,vcm1,vc1,Rmax,Zmax,Zmin,vR,uH
0.0,1.0,2.05437,-4.12471,-0.977249,-4.12471,-0.988925,0.999963,2.0199,0.0200859,0.0,-0.438052
0.01,1.0,2.03008,-4.10948,-0.981269,-4.10249,-0.984025,1.00003,2.01088,0.0149206,0.0183,-0.912168
0.02,1.0,2.02863,-4.10933,-0.980949,-4.1006,-0.983115,1.00015,2.00176,0.0126437,-0.00209561,-0.918765
0.03,1.0,2.02473,-4.10337,-0.979589,-4.0928,-0.981396,1.00032,1.9925,0.0101033,0.000758948,-0.932146
0.04,1.0,2.01872,-4.09336,-0.977295,-4.08235,-0.978712,1.00048,1.98303,0.00841193,0.00430467,-0.960706
0.05,1.0,2.01188,-4.08106,-0.97448,-4.07004,-0.975613,1.00068,1.97334,0.00698271,0.0108069,-0.977901
0.06,1.0,2.00502,-4.06728,-0.971337,-4.05322,-0.972308,1.00082,1.96351,0.00526838,0.00922123,-0.98564
0.07,1.0,1.99811,-4.05227,-0.967923,-4.03897,-0.968646,1.00083,1.95364,0.00360634,0.00647341,-0.988398
0.08,1.0,1.99125,-4.0355,-0.964118,-4.02158,-0.964691,1.00089,1.94376,0.00156552,0.00378319,-0.98808
0.09,1.0,1.98471,-4.01671,-0.959848,-4.00155,-0.960291,1.00088,1.93389,0.000395131,0.00342563,-0.986962
0.1,1.0,1.97992,-3.99383,-0.954611,-3.97846,-0.954913,1.00093,1.92402,0.000214844,0.00527315,-0.986158
0.11,1.0,1.97822,-3.97341,-0.949929,-3.95768,-0.950088,1.00096,1.91416,5.54189e-05,0.00817855,-0.985142
0.12,1.0,1.97189,-3.95122,-0.944842,-3.93602,-0.944977,1.00106,1.90431,9.50689e-05,0.0104363,-0.98383
0.13,2.0,1.96674,-3.92875,-0.939701,-3.91289,-0.939837,1.00117,1.89448,2.18552e-05,0.0133882,-0.982703
0.14,1.0,1.96091,-3.90417,-0.934075,-3.88683,-0.934092,1.00131,1.88465,4.17949e-05,0.0164378,-0.981579
0.15,2.0,1.95604,-3.88048,-0.928689,-3.86425,-0.928854,1.0015,1.87484,1.28319e-05,0.018471,-0.98048
0.16,2.0,1.95404,-3.85739,-0.923423,-3.84211,-0.923591,1.00166,1.86504,8.51686e-06,0.0209643,-0.979298
0.17,2.0,1.95031,-3.83384,-0.918087,-3.81811,-0.918312,1.00192,1.85525,8.60572e-06,0.0242955,-0.978259
0.18,2.0,1.94917,-3.81002,-0.912689,-3.79371,-0.912914,1.00217,1.84547,1.64501e-06,0.0280952,-0.977099
0.19,3.0,1.94765,-3.78594,-0.90724,-3.76948,-0.907642,1.00245,1.8357,5.38082e-06,0.0308073,-0.976083
0.2,3.0,1.94732,-3.76161,-0.901703,-3.74586,-0.902114,1.0028,1.82595,6.50046e-06,0.0342148,-0.975079
0.21,3.0,1.95006,-3.73669,-0.895997,-3.72017,-0.896189,1.00314,1.8162,1.6433e-06,0.0377376,-0.97408
0.22,4.0,1.9507,-3.70889,-0.889558,-3.69323,-0.889887,1.00353,1.80646,3.02251e-06,0.0405291,-0.973025
0.23,4.0,1.94385,-3.67671,-0.88205,-3.66107,-0.882355,1.00397,1.79673,1.05164e-06,0.0448126,-0.97179
0.24,5.0,1.93198,-3.64686,-0.875091,-3.6308,-0.875637,1.00441,1.78702,1.97799e-06,0.0492088,-0.970827
0.25,5.0,1.91206,-3.61728,-0.868145,-3.60228,-0.868744,1.00492,1.77731,3.54681e-06,0.0522905,-0.969727
0.26,5.0,1.89313,-3.58856,-0.861378,-3.57359,-0.862196,1.00547,1.76762,6.40214e-07,0.0568516,-0.968479
0.27,4.0,1.88072,-3.55985,-0.854625,-3.54349,-0.855493,1.00604,1.75793,2.45762e-06,0.0616905,-0.967514
0.28,4.0,1.86803,-3.53086,-0.847827,-3.51595,-0.848601,1.00668,1.74826,1.66951e-06,0.0649513,-0.966404
0.29,4.0,1.85786,-3.49779,-0.840049,-3.48268,-0.840693,1.00736,1.7386,2.80476e-06,0.0703144,-0.96516
0.3,4.0,1.84669,-3.4607,-0.831184,-3.44683,-0.83207,1.00807,1.72895,1.73271e-06,0.0761072,-0.964078
0.31,4.0,1.83554,-3.42311,-0.822154,-3.40878,-0.823037,1.00885,1.71931,2.70958e-06,0.0797857,-0.962835
0.32,4.0,1.82538,-3.38488,-0.813012,-3.37063,-0.814109,1.01646,1.70969,1.66795e-06,0.932738,-0.961474
0.33,4.0,1.81462,-3.3479,-0.804135,-3.33434,-0.805073,1.02528,1.70008,2.56303e-06,0.908796,-0.960148
0.34,4.0,1.80122,-3.31243,-0.795669,-3.29879,-0.796899,1.03496,1.69048,1.78489e-06,0.961768,-0.958828
0.35,4.0,1.78921,-3.2798,-0.787907,-3.26734,-0.789246,1.04462,1.68089,2.58927e-06,1.00951,-0.957557
0.36,3.0,1.78046,-3.24835,-0.780406,-3.23466,-0.781425,1.05496,1.67132,1.76426e-06,1.01261,-0.956029
0.37,3.0,1.76793,-3.21637,-0.772728,-3.20318,-0.774326,1.06571,1.66176,2.62567e-06,1.06593,-0.954656
0.38,3.0,1.7543,-3.18584,-0.765414,-3.17412,-0.767043,1.07621,1.65222,1.88139e-06,1.07844,-0.953365
0.39,3.0,1.74111,-3.15845,-0.759037,-3.14657,-0.760189,1.08678,1.64269,2.54738e-06,1.13757,-0.951585
0.4,3.0,1.729,-3.12768,-0.751877,-3.11588,-0.753086,1.09807,1.63318,2.47602e-06,1.09356,-0.95004
0.41,3.0,1.71884,-3.09812,-0.744889,-3.08694,-0.746085,1.10971,1.62368,2.21661e-06,1.15215,-0.94861
0.42,3.0,1.70812,-3.06872,-0.737976,-3.05659,-0.738949,1.12142,1.6142,2.91218e-06,1.17894,-0.946922
0.43,3.0,1.69601,-3.03932,-0.731027,-3.02737,-0.73219,1.13362,1.60474,2.73841e-06,1.2269,-0.945159
0.44,3.0,1.68896,-3.01252,-0.724687,-3.0003,-0.725833,1.14612,1.59529,3.19103e-06,1.25635,-0.94371
0.45,3.0,1.67605,-2.98147,-0.717332,-2.96936,-0.718305,1.15895,1.58586,3.10363e-06,1.27569,-0.941975
0.46,4.0,1.66898,-2.95683,-0.711485,-2.94329,-0.712637,1.17205,1.57645,3.3295e-06,1.32443,-0.940135
0.47,4.0,1.66056,-2.92403,-0.703676,-2.91239,-0.704991,1.18496,1.56705,3.25396e-06,1.29678,-0.938178
0.48,4.0,1.64965,-2.89627,-0.697103,-2.88666,-0.698752,1.19814,1.55767,3.39713e-06,1.3023,-0.936693
0.49,4.0,1.64844,-2.86908,-0.690644,-2.86089,-0.69216,1.21144,1.54831,3.31964e-06,1.32039,-0.934645
0.5,4.0,1.64817,-2.84218,-0.684255,-2.83192,-0.68537,1.2249,1.53897,3.42314e-06,1.32575,-0.932891
0.51,3.0,1.63141,-2.80378,-0.675058,-2.79113,-0.676001,1.23839,1.52965,3.38825e-06,1.31877,-0.930843
0.52,3.0,1.61836,-2.76895,-0.666726,-2.7597,-0.667993,1.25182,1.52035,3.42658e-06,1.30418,-0.928692
0.53,3.0,1.60515,-2.73876,-0.659508,-2.73149,-0.661258,1.26501,1.51107,3.4303e-06,1.26643,-0.926396
0.54,3.0,1.58908,-2.71086,-0.652889,-2.70272,-0.65446,1.27779,1.50182,3.45131e-06,1.22678,-0.924364
0.55,3.0,1.57227,-2.68014,-0.645612,-2.67114,-0.646812,1.29014,1.49258,2.20263e-06,1.18482,-0.922439
0.56,3.0,1.55439,-2.64978,-0.638383,-2.6424,-0.639698,1.30199,1.48337,3.22316e-06,1.13992,-0.92001
0.57,3.0,1.54,-2.62158,-0.631644,-2.61434,-0.633114,1.31338,1.47418,1.41137e-06,1.0989,-0.917781
0.58,2.0,1.52907,-2.59298,-0.624832,-2.58553,-0.625946,1.43848,1.46501,2.35276e-06,0.00506759,-0.915852
0.59,3.0,1.51589,-2.56026,-0.616994,-2.55418,-0.618571,1.33529,1.45586,1.46576e-06,1.06877,-0.91358
0.6,2.0,1.5027,-2.5293,-0.609559,-2.52109,-0.610426,1.43824,1.44673,1.83597e-06,-0.0462308,-0.910966
0.61,2.0,1.4891,-2.49839,-0.602167,-2.49193,-0.603434,1.43808,1.43763,2.19041e-06,0.112254,-0.908782
0.62,2.0,1.47789,-2.47287,-0.596094,-2.46572,-0.597346,1.43868,1.42856,1.6309e-06,0.194089,-0.90662
0.63,2.0,1.46583,-2.44633,-0.589803,-2.43907,-0.59069,1.44029,1.4195,2.61346e-06,0.38365,-0.903966
0.64,2.0,1.45621,-2.42178,-0.58398,-2.41326,-0.584685,1.44235,1.41047,1.88594e-06,0.987572,-0.901421
0.65,2.0,1.44436,-2.39472,-0.57758,-2.38666,-0.57821,1.45838,1.40147,2.52742e-06,1.42945,-0.899234
0.66,2.0,1.43335,-2.3645,-0.570337,-2.35676,-0.571199,1.47156,1.39249,2.54351e-06,1.72981,-0.896787
0.67,2.0,1.42346,-2.3379,-0.564014,-2.3302,-0.564593,1.47185,1.38353,2.60999e-06,1.75911,-0.894048
0.68,2.0,1.41369,-2.30901,-0.557167,-2.30046,-0.55788,1.49154,1.3746,3.07308e-06,2.53101,-0.891612
0.69,2.0,1.40271,-2.28042,-0.550344,-2.27271,-0.550852,1.51708,1.3657,2.81038e-06,2.18635,-0.889243
0.7,3.0,1.39221,-2.25258,-0.543741,-2.24414,-0.54441,1.43901,1.35682,3.05389e-06,0.811111,-0.886455
0.71,3.0,1.38097,-2.2229,-0.536673,-2.21475,-0.537474,1.44678,1.34797,3.07715e-06,0.769468,-0.883554
0.72,3.0,1.37122,-2.1938,-0.529644,-2.18711,-0.530668,1.45417,1.33915,3.06565e-06,0.728732,-0.881076
0.73,3.0,1.36057,-2.16476,-0.522705,-2.15861,-0.523821,1.46131,1.33035,3.21662e-06,0.704847,-0.878457
0.74,3.0,1.35313,-2.13549,-0.515781,-2.12829,-0.516562,1.46837,1.32158,3.11433e-06,0.683366,-0.875489
0.75,3.0,1.34464,-2.10592,-0.508736,-2.09895,-0.509481,1.47539,1.31284,3.18134e-06,0.672722,-0.872528
0.76,3.0,1.33634,-2.07472,-0.501256,-2.06948,-0.502411,1.48218,1.30413,3.12433e-06,0.624502,-0.869982
0.77,3.0,1.32556,-2.04477,-0.494086,-2.03883,-0.494977,1.48855,0.00777411,3.14121e-06,0.5903,-0.00174267
0.78,3.0,1.31417,-2.01482,-0.48694,-2.00793,-0.487804,1.49467,1.28678,3.0689e-06,0.555773,-0.864148
0.79,3.0,1.30293,-1.98389,-0.479508,-1.97905,-0.480928,1.50076,1.27816,3.06562e-06,0.610207,-0.860913
0.8,3.0,1.29322,-1.95347,-0.472209,-1.94764,-0.473009,1.50645,1.26957,3.08917e-06,0.605142,-0.858131
0.81,3.0,1.28184,-1.92221,-0.464716,-1.91764,-0.465782,1.5123,1.261,2.99095e-06,0.539532,-0.854933
0.82,3.0,1.27098,-1.89137,-0.457338,-1.88652,-0.45822,1.51813,1.25247,3.08465e-06,0.550023,-0.851679
0.83,3.0,1.2607,-1.86146,-0.450167,-1.85696,-0.451093,1.52392,1.24397,3.00628e-06,0.537008,-0.848881
0.84,3.0,1.25116,-1.83147,-0.442954,-1.82769,-0.444171,1.52951,1.2355,3.04258e-06,0.533943,-0.845931
0.85,3.0,1.24112,-1.80144,-0.435732,-1.79669,-0.436722,1.53503,1.22706,3.15546e-06,0.546482,-0.842767
0.86,3.0,1.23187,-1.77092,-0.42839,-1.76796,-0.429854,1.54039,1.21865,3.07339e-06,0.531315,-0.839435
0.87,3.0,1.22246,-1.7425,-0.421554,-1.73989,-0.423228,1.54549,1.21027,3.1479e-06,0.531338,-0.836534
0.88,3.0,1.21311,-1.71386,-0.414666,-1.71011,-0.415598,1.55098,1.20192,3.27026e-06,0.533104,-0.833239
0.89,3.0,1.20403,-1.68342,-0.407314,-1.68005,-0.408604,1.5566,1.19361,3.20783e-06,0.544398,-0.829724
0.9,3.0,1.19407,-1.6532,-0.400022,-1.65087,-0.401503,1.56206,1.18533,3.29467e-06,0.536936,-0.826469
0.91,3.0,1.18482,-1.62367,-0.392855,-1.62053,-0.394031,1.56727,1.17709,3.43035e-06,0.541773,-0.823382
0.92,3.0,1.17616,-1.59516,-0.385995,-1.59177,-0.387212,1.57261,1.16887,3.40467e-06,0.513881,-0.820064
0.93,3.0,1.16738,-1.56562,-0.37884,-1.56376,-0.380284,1.57832,1.16069,3.48379e-06,0.566995,-0.816569
0.94,3.0,1.15878,-1.53849,-0.372264,-1.53522,-0.373679,1.58387,1.15254,3.63484e-06,0.56112,-0.81309
0.95,3.0,1.14999,-1.51186,-0.365827,-1.51038,-0.367653,1.58951,1.14443,3.70364e-06,0.555418,-0.809809
0.96,3.0,1.13998,-1.48497,-0.359317,-1.48239,-0.36058,1.59483,1.13636,3.70316e-06,0.54643,-0.80627
0.97,3.0,1.13168,-1.45732,-0.352615,-1.45548,-0.35397,1.60027,1.12831,3.84963e-06,0.518123,-0.802758
0.98,3.0,1.12383,-1.43238,-0.346564,-1.43078,-0.348077,1.60559,1.12031,4.04453e-06,0.512249,-0.799428
0.99,3.0,1.11503,-1.40773,-0.34064,-1.4057,-0.341968,1.61062,1.11233,4.06874e-06,0.511296,-0.796198
1.0,3.0,1.10669,-1.38543,-0.335271,-1.38269,-0.336411,1.61549,1.10439,4.07891e-06,0.515107,-0.79267
1.01,3.0,1.09974,-1.35781,-0.328584,-1.35664,-0.330067,1.62061,1.09648,4.26441e-06,0.478155,-0.789162
1.02,3.0,1.0907,-1.33528,-0.323152,-1.3336,-0.324735,1.62562,1.08861,4.51843e-06,0.490413,-0.78564
1.03,3.0,1.08141,-1.31235,-0.317644,-1.30955,-0.318643,1.63058,1.08078,4.55251e-06,0.496806,-0.78215
1.04,3.0,1.07148,-1.28949,-0.312119,-1.28754,-0.313312,1.63543,1.07298,4.31089e-06,0.496612,-0.778426
1.05,3.0,1.06225,-1.26642,-0.306531,-1.26524,-0.308096,1.64016,1.06522,4.42089e-06,0.458862,-0.774778
1.06,3.0,1.05424,-1.24484,-0.301313,-1.24286,-0.302538,1.64505,1.05749,4.70764e-06,0.458201,-0.771264
1.07,3.0,1.04434,-1.22367,-0.296203,-1.22203,-0.297514,1.64971,1.0498,5.06676e-06,0.453336,-0.767777
1.08,3.0,1.03567,-1.20155,-0.290855,-1.20012,-0.292265,1.65419,1.04215,5.4424e-06,0.454091,-0.764075
1.09,3.0,1.02637,-1.18146,-0.285985,-1.17948,-0.287017,1.65865,1.03453,5.67096e-06,0.471414,-0.76039
1.1,3.0,1.01748,-1.16177,-0.281227,-1.16019,-0.282298,1.66324,1.02695,5.40914e-06,0.487148,-0.756638
1.11,3.0,1.00949,-1.14134,-0.276297,-1.14075,-0.277864,1.66792,1.01941,5.50334e-06,0.496455,-0.752932
1.12,3.0,1.00155,-1.12279,-0.271817,-1.12018,-0.272891,1.67277,1.0119,5.79611e-06,0.46591,-0.749054
1.13,3.0,0.992625,-1.10396,-0.267243,-1.10274,-0.268639,1.6777,1.00443,6.18336e-06,0.472823,-0.745182
1.14,3.0,0.984125,-1.08561,-0.262801,-1.08481,-0.264151,1.68261,0.997004,6.60475e-06,0.478083,-0.741359
1.15,3.0,0.974374,-1.06693,-0.258322,-1.06578,-0.259448,1.68756,0.989613,7.02489e-06,0.503905,-0.737877
1.16,3.0,0.965089,-1.04751,-0.25361,-1.04668,-0.254788,1.69242,0.982257,7.4285e-06,0.488432,-0.734086
1.17,3.0,0.955382,-1.02957,-0.249263,-1.02854,-0.250449,1.69721,0.974942,7.4125e-06,0.481288,-0.730212
1.18,3.0,0.946288,-1.01331,-0.245336,-1.01234,-0.246715,1.70183,0.967665,7.57421e-06,0.473111,-0.726375
1.19,3.0,0.938538,-0.997211,-0.241453,-0.994949,-0.242359,1.70637,0.960428,7.89146e-06,0.436147,-0.722601
1.2,3.0,0.932307,-0.981322,-0.237593,-0.980195,-0.238854,1.71095,0.953229,8.27931e-06,0.431475,-0.718682
1.21,3.0,0.92218,-0.964874,-0.233626,-0.963668,-0.234843,1.71542,0.94607,8.2566e-06,0.432174,-0.714522
1.22,3.0,0.912808,-0.947451,-0.229424,-0.946353,-0.230494,1.71987,0.938953,7.75381e-06,0.441813,-0.710607
1.23,3.0,0.904287,-0.929567,-0.225108,-0.927534,-0.225838,1.7244,0.931873,7.84397e-06,0.451414,-0.706524
1.24,3.0,0.894854,-0.912879,-0.221091,-0.911046,-0.221856,1.729,0.924833,8.26826e-06,0.457136,-0.702764
1.25,3.0,0.886921,-0.895061,-0.216759,-0.895573,-0.218273,1.73358,0.917831,8.85094e-06,0.454065,-0.698697
1.26,3.0,0.877272,-0.880164,-0.213145,-0.877698,-0.21386,1.73804,0.910869,9.48055e-06,0.448205,-0.694716
1.27,3.0,0.870489,-0.862579,-0.208921,-0.859653,-0.209456,1.74231,0.903948,8.22381e-06,0.439898,-0.69057
1.28,3.0,0.86163,-0.841312,-0.203794,-0.841544,-0.205185,1.7465,0.89707,6.36478e-06,0.402167,-0.686584
1.29,2.0,0.85223,-0.813132,-0.196941,-0.812546,-0.197995,1.75082,0.890231,5.34516e-06,0.412714,-0.68264
1.3,2.0,0.842646,-0.792669,-0.191981,-0.791967,-0.192975,1.75523,0.883435,5.70389e-06,0.426483,-0.678275
1.31,2.0,0.833389,-0.777024,-0.188191,-0.777062,-0.189275,1.75976,0.87668,6.63748e-06,0.432847,-0.674211
1.32,2.0,0.823945,-0.764125,-0.185073,-0.763308,-0.18591,1.76434,0.869966,7.72976e-06,0.436474,-0.66976
1.33,2.0,0.815873,-0.746713,-0.180856,-0.745075,-0.181512,1.76895,0.863295,8.8738e-06,0.440875,-0.665807
1.34,2.0,0.810609,-0.731185,-0.177093,-0.729927,-0.177784,1.77356,0.856662,1.00006e-05,0.440589,-0.661676
1.35,2.0,0.802626,-0.713948,-0.172926,-0.713818,-0.173854,1.77819,0.850073,1.10642e-05,0.444987,-0.657645
1.36,2.0,0.795316,-0.701181,-0.169836,-0.70065,-0.170665,1.78286,0.843524,1.18799e-05,0.44974,-0.653826
1.37,2.0,0.786216,-0.688177,-0.166681,-0.687655,-0.167478,1.78753,0.837017,9.41268e-06,0.445891,-0.64915
1.38,2.0,0.778271,-0.676124,-0.163765,-0.676228,-0.164809,1.79205,0.830554,7.8008e-06,0.431028,-0.645031
1.39,2.0,0.770007,-0.663663,-0.160742,-0.664083,-0.161849,1.79631,0.824131,7.50087e-06,0.411535,-0.640625
1.4,2.0,0.761698,-0.652046,-0.157934,-0.651304,-0.158745,1.80028,0.817753,8.25739e-06,0.398133,-0.63636
1.41,2.0,0.753443,-0.640254,-0.155095,-0.63837,-0.155567,1.80404,0.811416,9.33755e-06,0.384118,-0.63248
1.42,2.0,0.745216,-0.627279,-0.151951,-0.627021,-0.152779,1.80762,0.805122,1.05756e-05,0.33612,-0.628063
1.43,2.0,0.736808,-0.615734,-0.149144,-0.61615,-0.150106,1.81117,0.798871,1.18573e-05,0.324469,-0.623711
1.44,2.0,0.728517,-0.60496,-0.146561,-0.603851,-0.147133,1.81462,0.792661,1.31087e-05,0.329245,-0.619426
1.45,2.0,0.720227,-0.593004,-0.143671,-0.591774,-0.144174,1.81821,0.786494,1.42719e-05,0.399583,-0.615256
1.46,2.0,0.712947,-0.579291,-0.140351,-0.578713,-0.141039,1.822,0.780367,1.40152e-05,0.394448,-0.611759
1.47,2.0,0.705579,-0.568496,-0.137744,-0.568283,-0.138517,1.8257,0.774282,1.13799e-05,0.344417,-0.606993
1.48,2.0,0.697198,-0.55798,-0.135205,-0.556802,-0.135653,1.82932,0.768242,1.08144e-05,0.332916,-0.602639
1.49,2.0,0.688905,-0.546815,-0.132507,-0.545984,-0.133069,1.83275,0.762243,1.10579e-05,0.321099,-0.59832
1.5,2.0,0.681149,-0.535979,-0.129884,-0.536181,-0.13069,1.83605,0.756289,1.1836e-05,0.314566,-0.594008
1.51,2.0,0.673443,-0.525055,-0.127239,-0.524533,-0.127971,1.83927,0.750377,1.29343e-05,0.311166,-0.590312
1.52,2.0,0.665927,-0.514222,-0.124616,-0.514394,-0.125546,1.84243,0.744508,1.41885e-05,0.305419,-0.585196
1.53,2.0,0.658628,-0.503374,-0.121979,-0.502741,-0.122589,1.8455,0.738686,1.54776e-05,0.302126,-0.580548
1.54,2.0,0.651223,-0.494408,-0.119815,-0.492991,-0.120203,1.84852,0.732906,1.67188e-05,0.299088,-0.576836
1.55,2.0,0.643274,-0.484101,-0.117317,-0.484118,-0.118006,1.85152,0.727168,1.78656e-05,0.29763,-0.572368
1.56,2.0,0.636909,-0.475356,-0.115208,-0.474638,-0.115697,1.85451,0.721473,1.459e-05,0.296784,-0.568257
1.57,2.0,0.628842,-0.465165,-0.112755,-0.465939,-0.113669,1.85748,0.715818,1.27463e-05,0.292715,-0.563962
1.58,2.0,0.621655,-0.454426,-0.110157,-0.4544,-0.110787,1.8604,0.710208,1.25757e-05,0.287777,-0.559596
1.59,2.0,0.614116,-0.444808,-0.107832,-0.443922,-0.108282,1.86324,0.704641,1.31887e-05,0.281656,-0.55549
1.6,2.0,0.606482,-0.435932,-0.105684,-0.434819,-0.106088,1.86602,0.699117,1.42709e-05,0.27648,-0.550889
1.61,2.0,0.599051,-0.427052,-0.103533,-0.42699,-0.104177,1.86875,0.693638,1.55965e-05,0.272367,-0.546354
1.62,2.0,0.59213,-0.417025,-0.101106,-0.417116,-0.101809,1.87142,0.688202,1.70058e-05,0.266625,-0.542763
1.63,2.0,0.585071,-0.408998,-0.0991684,-0.409932,-0.100097,1.87405,0.682807,1.83875e-05,0.262451,-0.537668
1.64,2.0,0.577617,-0.4019,-0.0974511,-0.401652,-0.0979815,1.87664,0.67746,1.96696e-05,0.261433,-0.533057
1.65,2.0,0.570501,-0.393792,-0.0954854,-0.392865,-0.095829,1.87921,0.672155,2.08151e-05,0.260453,-0.529846
1.66,2.0,0.563388,-0.385754,-0.0935431,-0.385184,-0.0939624,1.8818,0.666889,1.94596e-05,0.260129,-0.524976
1.67,2.0,0.556524,-0.378451,-0.0917771,-0.378226,-0.0922594,1.8844,0.661668,1.83363e-05,0.259758,-0.520643
1.68,2.0,0.549586,-0.370571,-0.0898674,-0.370986,-0.0905767,1.887,0.656486,1.81776e-05,0.257854,-0.517579
1.69,2.0,0.542759,-0.362843,-0.0879978,-0.363188,-0.0886656,1.88959,0.651345,1.8632e-05,0.25414,-0.512576
1.7,2.0,0.536742,-0.354506,-0.0859811,-0.35349,-0.0862571,1.89213,0.646249,1.94414e-05,0.250817,-0.508004
1.71,2.0,0.529663,-0.34246,-0.083066,-0.342538,-0.0835923,1.89461,0.641196,2.04264e-05,0.245214,-0.50458
1.72,2.0,0.524286,-0.332182,-0.0805707,-0.332247,-0.0811233,1.89704,0.636183,2.14716e-05,0.239463,-0.499622
1.73,2.0,0.518019,-0.325339,-0.0789197,-0.325129,-0.0793964,1.89942,0.631216,2.24959e-05,0.235951,-0.495224
1.74,2.0,0.510734,-0.317935,-0.0771273,-0.31821,-0.0777104,1.90178,0.62629,2.34469e-05,0.233183,-0.491845
1.75,2.0,0.504227,-0.310114,-0.0752329,-0.310723,-0.075886,1.9041,0.621403,2.43053e-05,0.229964,-0.486866
1.76,2.0,0.497639,-0.302512,-0.0733887,-0.302154,-0.0737973,1.9064,0.616564,2.50643e-05,0.228192,-0.482396
1.77,2.0,0.491524,-0.295142,-0.0715983,-0.295288,-0.0721307,1.90866,0.611768,2.44966e-05,0.224717,-0.478319
1.78,2.0,0.484368,-0.287893,-0.0698473,-0.288416,-0.0704737,1.91089,0.60701,2.43628e-05,0.221391,-0.474494
1.79,2.0,0.477857,-0.280846,-0.0681408,-0.280831,-0.0686119,1.91309,0.602294,2.45928e-05,0.217564,-0.470193
1.8,2.0,0.472065,-0.272505,-0.0661239,-0.272631,-0.0665826,1.91525,0.59762,2.50382e-05,0.214273,-0.466
1.81,2.0,0.465524,-0.26552,-0.0644378,-0.265074,-0.0647526,1.91737,0.592984,2.55931e-05,0.211615,-0.4629
1.82,2.0,0.458854,-0.258655,-0.0627733,-0.259381,-0.0633815,1.91948,0.588389,2.61865e-05,0.209186,-0.457949
1.83,2.0,0.452502,-0.253163,-0.0614445,-0.253708,-0.0619849,1.92156,0.583837,2.67756e-05,0.206451,-0.453618
1.84,2.0,0.446269,-0.246838,-0.0599126,-0.246259,-0.0601546,1.92361,0.579328,2.73364e-05,0.204073,-0.450091
1.85,2.0,0.44016,-0.240614,-0.0584055,-0.240952,-0.0588553,1.92562,0.574859,2.78564e-05,0.200851,-0.445396
1.86,2.0,0.434001,-0.235244,-0.0571045,-0.235455,-0.0575053,1.9276,0.570433,2.80715e-05,0.197571,-0.441204
1.87,2.0,0.427985,-0.229638,-0.0557471,-0.229892,-0.056182,1.92955,0.566049,2.78877e-05,0.194704,-0.43712
1.88,2.0,0.42204,-0.224674,-0.0545452,-0.224343,-0.0548029,1.93147,0.561703,2.79598e-05,0.191812,-0.434048
1.89,2.0,0.416146,-0.219183,-0.0532157,-0.219646,-0.0536636,1.93337,0.557397,2.8191e-05,0.189136,-0.428793
1.9,2.0,0.410279,-0.213347,-0.0518006,-0.213987,-0.0523007,1.93523,0.553138,2.85123e-05,0.186496,-0.424395
1.91,2.0,0.404553,-0.207463,-0.0503751,-0.208169,-0.0509006,1.93708,0.548918,2.8877e-05,0.183397,-0.420875
1.92,2.0,0.399921,-0.202022,-0.0490555,-0.202021,-0.0493744,1.93888,0.544735,2.92548e-05,0.180348,-0.417162
1.93,2.0,0.394054,-0.197335,-0.0479251,-0.197554,-0.0483186,1.94065,0.540592,2.96266e-05,0.17668,-0.412901
1.94,2.0,0.388345,-0.191546,-0.0465235,-0.191666,-0.0468984,1.94238,0.536488,2.9982e-05,0.17376,-0.408839
1.95,2.0,0.383623,-0.185982,-0.045173,-0.185777,-0.045443,1.94409,0.532424,3.0221e-05,0.171075,-0.405754
1.96,2.0,0.378671,-0.179835,-0.0436825,-0.180045,-0.0440423,1.94577,0.528397,3.00926e-05,0.168696,-0.401389
1.97,2.0,0.372967,-0.174226,-0.0423213,-0.174364,-0.0426496,1.94744,0.52441,3.01312e-05,0.166422,-0.397294
1.98,2.0,0.367158,-0.169549,-0.0411877,-0.169996,-0.0416062,1.94908,0.520463,3.02739e-05,0.163851,-0.39341
1.99,2.0,0.361473,-0.163157,-0.039638,-0.163806,-0.0401015,1.9507,0.516552,3.04827e-05,0.16041,-0.390596
2.0,2.0,0.356592,-0.156112,-0.037931,-0.157185,-0.0384903,1.95228,0.512677,3.07355e-05,0.156588,-0.386252
2.01,2.0,0.351114,-0.15073,-0.0366259,-0.150922,-0.0369408,1.95382,0.508841,3.1009e-05,0.154018,-0.38228
2.02,2.0,0.345086,-0.144978,-0.0352305,-0.145579,-0.0356164,1.95534,0.505043,3.12858e-05,0.151329,-0.378513
2.03,2.0,0.340138,-0.13959,-0.0339197,-0.140284,-0.0343149,1.95683,0.501281,3.15614e-05,0.149399,-0.375773
2.04,2.0,0.335415,-0.135037,-0.0328128,-0.13507,-0.0330319,1.9583,0.497552,3.16571e-05,0.146509,-0.371941
2.05,2.0,0.329723,-0.130359,-0.0316806,-0.130732,-0.0319703,1.95976,0.493861,3.15987e-05,0.14434,-0.367716
2.06,2.0,0.324473,-0.125306,-0.0304532,-0.125503,-0.0306887,1.96119,0.490207,3.16436e-05,0.141916,-0.364301
2.07,2.0,0.319713,-0.120682,-0.0293336,-0.120593,-0.0294998,1.96261,0.486585,3.17585e-05,0.139673,-0.361464
2.08,2.0,0.314602,-0.1154,-0.0280523,-0.115601,-0.0282979,1.964,0.482996,3.19199e-05,0.137402,-0.358229
2.09,2.0,0.309304,-0.1094,-0.0265944,-0.109889,-0.0269014,1.96538,0.479441,3.21114e-05,0.134951,-0.354341
2.1,2.0,0.305139,-0.103783,-0.0252297,-0.104414,-0.0255555,1.96673,0.47592,3.23224e-05,0.132154,-0.35102
2.11,2.0,0.299646,-0.0984662,-0.0239392,-0.0993929,-0.024336,1.96805,0.472432,3.25452e-05,0.128756,-0.347906
2.12,2.0,0.295143,-0.0938663,-0.0228204,-0.0948224,-0.0232103,1.96934,0.468975,3.27751e-05,0.126292,-0.346019
2.13,2.0,0.292447,-0.0894127,-0.0217396,-0.0900475,-0.0220425,1.9706,0.465547,3.2715e-05,0.123783,-0.341905
2.14,2.0,0.287809,-0.084269,-0.0204898,-0.0850365,-0.0208197,1.97184,0.462151,3.27023e-05,0.121637,-0.33851
2.15,2.0,0.282799,-0.0791316,-0.0192411,-0.0796244,-0.0194892,1.97307,0.458787,3.27599e-05,0.11901,-0.335388
2.16,2.0,0.277722,-0.0741074,-0.0180201,-0.0747494,-0.0182964,1.97426,0.455452,3.28681e-05,0.116354,-0.333042
2.17,2.0,0.27264,-0.0696233,-0.0169312,-0.0698731,-0.017104,1.97544,0.452145,3.30123e-05,0.114078,-0.330556
2.18,2.0,0.267812,-0.0645689,-0.0157029,-0.0647533,-0.0158502,1.97659,0.448865,3.3182e-05,0.111263,-0.326991
2.19,2.0,0.263298,-0.0593737,-0.0144398,-0.0599607,-0.0146805,1.97771,0.445617,3.33695e-05,0.108299,-0.324043
2.2,2.0,0.25903,-0.0539743,-0.0131269,-0.0552699,-0.0135372,1.97881,0.442396,3.35697e-05,0.106063,-0.321157
2.21,2.0,0.255583,-0.0497081,-0.0120881,-0.0514536,-0.0126114,1.97988,0.439203,3.3695e-05,0.103519,-0.319373
2.22,2.0,0.251412,-0.0465311,-0.0113167,-0.0474915,-0.0116381,1.98093,0.436032,3.36482e-05,0.100812,-0.316518
2.23,2.0,0.24781,-0.0436836,-0.0106251,-0.0443989,-0.0108823,1.98195,0.432892,3.36732e-05,0.0982163,-0.312839
2.24,2.0,0.244762,-0.0403025,-0.00980301,-0.0414907,-0.0101725,1.98294,0.429785,3.37518e-05,0.0950484,-0.309958
2.25,2.0,0.241116,-0.0348276,-0.00847163,-0.0365025,-0.00895318,1.98389,0.426705,3.38745e-05,0.0917313,-0.307318
2.26,2.0,0.236545,-0.030203,-0.00734694,-0.0316204,-0.00775262,1.98482,0.423648,3.40304e-05,0.0891035,-0.305721
2.27,2.0,0.232227,-0.0260841,-0.0063454,-0.0265324,-0.00650525,1.98571,0.420612,3.42074e-05,0.0866133,-0.303628
2.28,2.0,0.228342,-0.0221134,-0.00537959,-0.0224337,-0.00549632,1.98657,0.417599,3.43997e-05,0.0841665,-0.30052
2.29,2.0,0.224216,-0.01714,-0.00416944,-0.0183979,-0.00450799,1.9874,0.414613,3.46034e-05,0.0819064,-0.297683
2.3,2.0,0.220746,-0.013415,-0.00326331,-0.0137516,-0.00336634,1.98821,0.411653,3.48163e-05,0.0792497,-0.295079
2.31,2.0,0.21681,-0.00810853,-0.00197252,-0.00873475,-0.00213896,1.98899,0.408718,3.48146e-05,0.076656,-0.293207
2.32,2.0,0.213983,-0.00344597,-0.000838209,-0.00439264,-0.00107539,1.98975,0.405806,3.48647e-05,0.0742879,-0.291844
2.33,2.0,0.209358,0.000925994,0.000225261,-0.000216217,-5.2942e-05,1.99047,0.402916,3.49555e-05,0.0715735,-0.288305
2.34,2.0,0.205719,0.00476972,0.00116024,0.00351081,0.000859813,1.99117,0.400054,3.50787e-05,0.0685491,-0.285137
2.35,2.0,0.203818,0.00827175,0.00201242,0.00817669,0.00200268,1.99182,0.397221,3.52282e-05,0.064887,-0.282288
2.36,2.0,0.199741,0.0129738,0.0031566,0.0121975,0.00298649,1.99243,0.394414,3.53991e-05,0.0611364,-0.279976
2.37,2.0,0.196295,0.0176304,0.00428916,0.0159562,0.0039085,1.993,0.391633,3.55875e-05,0.0578721,-0.278441
2.38,2.0,0.192596,0.0213616,0.00519699,0.0197718,0.0048432,1.99352,0.388876,3.57906e-05,0.0543955,-0.275249
2.39,2.0,0.189464,0.0248801,0.00605347,0.0241979,0.00592727,1.994,0.386148,3.60062e-05,0.0513726,-0.272021
2.4,2.0,0.186288,0.0294583,0.00716767,0.0286996,0.00703331,1.99445,0.383448,3.6233e-05,0.0487791,-0.268981
2.41,2.0,0.184111,0.0333916,0.00812464,0.0316488,0.00775577,1.99488,0.380778,3.64381e-05,0.046503,-0.265981
2.42,2.0,0.182288,0.036703,0.00892932,0.0355649,0.00871477,1.99527,0.378136,3.65525e-05,0.044219,-0.263469
2.43,2.0,0.180143,0.0397231,0.00966417,0.0381656,0.00935158,1.99564,0.375523,3.67022e-05,0.041851,-0.261659
2.44,2.0,0.177391,0.0431185,0.0104911,0.0414585,0.010164,1.99598,0.37294,3.68828e-05,0.0394854,-0.257211
2.45,2.0,0.174179,0.0469057,0.0114128,0.0454305,0.0111376,1.99629,0.370395,3.70894e-05,0.0369433,-0.253294
2.46,2.0,0.169958,0.0512413,0.0124679,0.0494945,0.0121339,1.99657,0.367886,3.7317e-05,0.0345959,-0.249906
2.47,2.0,0.166425,0.0551368,0.0134159,0.0532065,0.0130488,1.99683,0.36541,3.75625e-05,0.0321276,-0.246664
2.48,2.0,0.163254,0.0604343,0.0147048,0.0583546,0.0143106,1.99705,0.362962,3.78233e-05,0.0294642,-0.243921
2.49,2.0,0.160318,0.0638599,0.0155381,0.0616843,0.0151308,1.99725,0.360545,3.80979e-05,0.0268538,-0.241605
2.5,2.0,0.157856,0.0672902,0.0163725,0.065218,0.015999,1.9974,0.358158,3.83848e-05,0.0239869,-0.238067
2.51,2.0,0.15633,0.0705609,0.0171679,0.0681319,0.0167076,1.99753,0.355804,3.86828e-05,0.0211118,-0.234123
2.52,2.0,0.153815,0.0746249,0.0181554,0.0721281,0.0176822,1.99762,0.353488,3.89903e-05,0.018327,-0.230179
2.53,2.0,0.150826,0.0773574,0.0188214,0.075767,0.0185801,1.99767,0.35121,3.93061e-05,0.0153759,-0.226325
2.54,2.0,0.147544,0.08087,0.0196769,0.0786374,0.0192808,1.99769,0.348969,3.96301e-05,-0.0093164,-0.222464
2.55,2.0,0.144929,0.0840281,0.0204441,0.0815572,0.0199972,1.99771,0.346767,3.99613e-05,-0.012036,-0.219014
2.56,2.0,0.14385,0.0857633,0.0208672,0.0839863,0.020591,1.99769,0.344603,4.02992e-05,-0.0150696,-0.215973
2.57,2.0,0.141387,0.089013,0.0216575,0.0871785,0.021372,1.99763,0.342478,4.06422e-05,-0.0178304,-0.211324
2.58,2.0,0.138826,0.0921976,0.0224322,0.0902897,0.0221234,1.99753,0.340395,4.09888e-05,-0.020771,-0.206896
2.59,2.0,0.136937,0.0940436,0.0228812,0.0915537,0.0224309,1.9974,0.338353,4.13387e-05,-0.0237812,-0.202544
2.6,2.0,0.135012,0.0965776,0.0234974,0.0943893,0.0231305,1.99722,0.336353,4.16918e-05,-0.0267885,-0.19831
2.61,2.0,0.134493,0.0987279,0.0240206,0.0965223,0.0236546,1.99701,0.334396,4.20475e-05,-0.0296437,-0.193888
2.62,2.0,0.131739,0.101293,0.0246445,0.0989317,0.0242388,1.99676,0.332482,4.24056e-05,-0.0325353,-0.189761
2.63,2.0,0.130798,0.103376,0.0251516,0.101076,0.0247593,1.99647,0.33061,4.27668e-05,-0.0353067,-0.185804
2.64,2.0,0.12902,0.10574,0.0257283,0.104131,0.02551,1.99614,0.328783,4.31313e-05,-0.037964,-0.182119
2.65,2.0,0.129121,0.107588,0.0261778,0.105714,0.0259156,1.99578,0.326999,4.35004e-05,-0.0405567,-0.176891
2.66,2.0,0.127711,0.113533,0.0276227,0.11122,0.0272723,1.99539,0.325261,4.38873e-05,-0.0424788,-0.172127
2.67,2.0,0.127858,0.118165,0.0287463,0.115652,0.0283501,1.99496,0.323568,4.43202e-05,-0.0442784,-0.167442
2.68,2.0,0.125101,0.121677,0.0296016,0.119802,0.0293742,1.99451,0.321922,4.48033e-05,-0.0459077,-0.162804
2.69,2.0,0.122286,0.12549,0.0305296,0.123738,0.0303413,1.99404,0.320321,4.53117e-05,-0.0481535,-0.158265
2.7,2.0,0.121018,0.127986,0.0311367,0.126439,0.030995,1.99353,0.318767,4.57922e-05,-0.0500797,-0.153475
2.71,2.0,0.118468,0.13088,0.0318377,0.128874,0.0316008,1.99299,0.317259,4.62914e-05,-0.0523877,-0.148956
2.72,2.0,0.116529,0.133896,0.0325711,0.131402,0.0322197,1.99241,0.315797,4.6806e-05,-0.054705,-0.144503
2.73,2.0,0.116397,0.136136,0.0331146,0.132897,0.0325874,1.9918,0.314382,4.7334e-05,-0.0576422,-0.140158
2.74,2.0,0.119001,0.13956,0.0339462,0.137189,0.0336121,1.99116,0.313014,4.7873e-05,-0.0600852,-0.13587
2.75,2.0,0.113173,0.141909,0.0345165,0.139781,0.0342495,1.99048,0.311693,4.84151e-05,-0.0621425,-0.130515
2.76,2.0,0.112984,0.144541,0.0351556,0.142377,0.0348783,1.98977,0.310419,4.89527e-05,-0.0641808,-0.125493
2.77,2.0,0.109436,0.146963,0.035744,0.144848,0.0354635,1.98904,0.309194,4.94786e-05,-0.0655947,-0.120341
2.78,2.0,0.108988,0.150015,0.0364859,0.147729,0.0361649,1.98829,0.308017,4.99834e-05,-0.0667014,-0.115518
2.79,2.0,0.107648,0.152063,0.0369829,0.149147,0.0365271,1.98752,0.30689,5.04313e-05,-0.0675199,-0.110874
2.8,2.0,0.105753,0.152996,0.0372113,0.151167,0.037012,1.98673,0.305809,5.08227e-05,-0.0687414,-0.105956
2.81,2.0,0.104944,0.154474,0.0375709,0.152301,0.0373033,1.98593,0.304777,5.11974e-05,-0.0700485,-0.101233
2.82,2.0,0.103266,0.157459,0.0382962,0.154752,0.0379096,1.98512,0.303791,5.15578e-05,-0.0716093,-0.0964084
2.83,2.0,0.102066,0.161914,0.0393789,0.15864,0.038885,1.98447,0.302856,5.19221e-05,-0.086233,-0.0914155
2.84,2.0,0.100828,0.16536,0.0402155,0.162039,0.0397267,1.98348,0.301971,5.23104e-05,-0.0747955,-0.0863234
2.85,2.0,0.0998375,0.167969,0.0408484,0.164453,0.0403143,1.98263,0.301137,5.27263e-05,-0.0771207,-0.0814666
2.86,2.0,0.0982717,0.171187,0.041629,0.167694,0.0411068,1.98175,0.300351,5.31653e-05,-0.0798758,-0.0767319
2.87,2.0,0.0975971,0.173346,0.0421558,0.170695,0.0418372,1.98086,0.299615,5.36217e-05,-0.100473,-0.0719193
2.88,2.0,0.0966521,0.175642,0.0427128,0.172244,0.0422202,1.97994,0.298927,5.40921e-05,-0.103214,-0.0671008
2.89,2.0,0.0971077,0.178931,0.0435096,0.174912,0.0428646,1.97898,0.298289,5.45719e-05,-0.106238,-0.0623225
2.9,2.0,0.0969794,0.180205,0.043815,0.177012,0.0433719,1.97799,0.297698,5.50559e-05,-0.108981,-0.0575811
2.91,2.0,0.0948984,0.181713,0.0441833,0.179403,0.0439505,1.97697,0.297156,5.55345e-05,-0.111566,-0.0528449
2.92,2.0,0.0943418,0.184698,0.0449084,0.181707,0.0444824,1.97591,0.29666,5.59699e-05,-0.113622,-0.0477364
2.93,2.0,0.0936766,0.186867,0.0454291,0.183866,0.044991,1.97482,0.29621,5.63359e-05,-0.115591,-0.0431498
2.94,2.0,0.0939887,0.189259,0.0460111,0.186968,0.0457515,1.97371,0.295804,5.66839e-05,-0.117295,-0.038783
2.95,2.0,0.0922126,0.193244,0.0469815,0.19059,0.04664,1.97257,0.295441,5.70435e-05,-0.118629,-0.0345312
2.96,2.0,0.0919919,0.195594,0.0475521,0.193669,0.0474132,1.9714,0.29512,5.74281e-05,-0.120147,-0.0303661
2.97,2.0,0.0920375,0.199414,0.0484813,0.197591,0.0483519,1.97021,0.294839,5.78322e-05,-0.121712,-0.0263071
2.98,2.0,0.090581,0.200224,0.0486758,0.197049,0.0482485,1.969,0.294598,5.82447e-05,-0.12341,-0.0224061
2.99,2.0,0.0901683,0.200713,0.048792,0.197176,0.0482855,1.96775,0.294396,5.86591e-05,-0.125363,-0.018673
3.0,2.0,0.0895776,0.201447,0.0489676,0.198523,0.048595,1.96648,0.294229,5.90701e-05,-0.127399,-0.0151601
3.01,2.0,0.0888618,0.203341,0.0494241,0.200304,0.0490264,1.96518,0.294096,5.9473e-05,-0.129451,-0.011927
3.02,2.0,0.0882949,0.205373,0.0499179,0.202474,0.0495621,1.96386,0.293993,5.98642e-05,-0.131454,-0.0090326
3.03,2.0,0.0879587,0.20745,0.0504225,0.204511,0.0500713,1.96251,0.293917,6.02359e-05,-0.133503,-0.00654901
3.04,2.0,0.0874454,0.210998,0.0512846,0.207745,0.0508668,1.96114,0.293863,6.05946e-05,-0.135051,-0.00451362
3.05,2.0,0.0872151,0.214337,0.0520947,0.211085,0.0516879,1.95974,0.293826,6.09547e-05,-0.136434,-0.00295193
3.06,2.0,0.0870767,0.216697,0.0526655,0.21373,0.0523197,1.95832,0.293802,6.12739e-05,-0.137761,-0.00180126
3.07,2.0,0.0875063,0.217765,0.0529221,0.214678,0.0525364,1.95688,0.293788,6.1604e-05,-0.139318,-0.000957374
3.08,2.0,0.0874729,0.218911,0.053198,0.216147,0.0528676,1.95542,0.29378,6.19371e-05,-0.141172,-0.000369004
3.09,2.0,0.0875653,0.21994,0.053445,0.216983,0.0530769,1.95392,0.293777,6.22682e-05,-0.143259,2.15079e-05
3.1,2.0,0.0876887,0.220598,0.0536014,0.217261,0.0531639,1.95239,0.293778,6.25935e-05,-0.145359,0.000278192
3.11,2.0,0.0879167,0.222347,0.054024,0.218953,0.0535752,1.95084,0.293781,6.29059e-05,-0.147215,0.000500219
3.12,2.0,0.0884378,0.223616,0.0543302,0.220279,0.0538963,1.94928,0.293786,6.31975e-05,-0.163832,0.000733061
3.13,2.0,0.0895208,0.226414,0.0550083,0.223467,0.0547115,1.94772,0.293793,6.34768e-05,-0.165148,0.000930644
3.14,2.0,0.0896301,0.231948,0.0563527,0.228501,0.0559399,1.94614,0.293803,6.37584e-05,-0.166014,0.00111604
3.15,2.0,0.0897384,0.234615,0.0569993,0.231497,0.0566482,1.94455,0.293814,6.40181e-05,-0.167077,0.00128736
3.16,2.0,0.0901909,0.236387,0.0574254,0.233275,0.0570873,1.94294,0.293827,6.42115e-05,-0.16836,0.00140552
3.17,2.0,0.0907515,0.237297,0.0576406,0.233937,0.0572533,1.94131,0.293841,6.43627e-05,-0.169934,0.00154431
3.18,2.0,0.0913376,0.238947,0.0580403,0.236087,0.05774,1.93966,0.293856,6.44929e-05,-0.171387,0.0016836
3.19,2.0,0.0919935,0.241172,0.0585781,0.237823,0.0581881,1.93798,0.293873,6.46143e-05,-0.172699,0.0017906
3.2,2.0,0.0929378,0.247135,0.0600217,0.243429,0.0595691,1.93628,0.29389,6.48456e-05,-0.173408,0.0019001
3.21,2.0,0.0936534,0.248938,0.060454,0.245504,0.0600551,1.93457,0.293909,6.51624e-05,-0.174614,0.00201957
3.22,2.0,0.0941432,0.249526,0.0605928,0.246313,0.0602247,1.93283,0.293929,6.54627e-05,-0.175979,0.00211303
3.23,2.0,0.0948981,0.251606,0.0610951,0.248505,0.0607561,1.93108,0.29395,6.56414e-05,-0.177024,0.00228534
3.24,2.0,0.0958427,0.254739,0.0618527,0.251956,0.0615826,1.92931,0.293973,6.58109e-05,-0.177887,0.00250404
3.25,2.0,0.0969342,0.258718,0.0628135,0.255755,0.0625147,1.92753,0.293999,6.60995e-05,-0.178511,0.00272266
3.26,2.0,0.0978128,0.259787,0.0630674,0.257101,0.0628255,1.92574,0.294027,6.64294e-05,-0.17961,0.00294089
3.27,2.0,0.0986799,0.259981,0.0631105,0.256924,0.06282,1.92393,0.294056,6.67543e-05,-0.180886,0.003167
3.28,2.0,0.0996998,0.261936,0.0635819,0.258411,0.0632043,1.9221,0.294089,6.711e-05,-0.182012,0.00339379
3.29,2.0,0.100892,0.265498,0.0644429,0.261365,0.0639594,1.92024,0.294123,6.75487e-05,-0.1829,0.00362565
3.3,2.0,0.102115,0.268639,0.065199,0.264806,0.0647799,1.91837,0.29416,6.81131e-05,-0.183749,0.0038685
3.31,2.0,0.103931,0.268667,0.0652,0.265537,0.0649003,1.91649,0.294199,6.84836e-05,-0.184943,0.00412288
3.32,2.0,0.104385,0.269029,0.065287,0.265852,0.0649677,1.91459,0.294241,6.88336e-05,-0.186263,0.0043935
3.33,2.0,0.105414,0.270496,0.0656401,0.267452,0.0653635,1.91267,0.294286,6.92155e-05,-0.187573,0.00468813
3.34,2.0,0.106459,0.274033,0.0664964,0.27105,0.0662178,1.91073,0.294334,6.96446e-05,-0.188542,0.00502163
3.35,2.0,0.107649,0.276397,0.0670641,0.273378,0.0667802,1.90878,0.294385,7.01861e-05,-0.189682,0.00537512
3.36,2.0,0.108682,0.276508,0.0670866,0.273207,0.0667592,1.90681,0.29444,7.06212e-05,-0.191064,0.00570756
3.37,2.0,0.109804,0.276606,0.0671068,0.27292,0.0666997,1.90481,0.294499,7.09549e-05,-0.204875,0.00613299
3.38,2.0,0.110927,0.278191,0.067487,0.275001,0.0671985,1.90283,0.294562,7.12331e-05,-0.206079,0.00659479
3.39,2.0,0.112309,0.282075,0.068426,0.27885,0.0681172,1.90083,0.29463,7.16451e-05,-0.206982,0.00711132
3.4,2.0,0.113672,0.283838,0.0688453,0.280688,0.0685692,1.89881,0.294704,7.29672e-05,-0.208164,0.00758286
3.41,2.0,0.114747,0.284292,0.0689513,0.280865,0.0686109,1.89678,0.294782,7.34458e-05,-0.209575,0.00813614
3.42,2.0,0.115952,0.284407,0.0689736,0.281201,0.0686814,1.89472,0.294866,7.37463e-05,-0.211192,0.00851256
3.43,2.0,0.117198,0.28585,0.0693199,0.282423,0.0689956,1.89265,0.294954,7.40771e-05,-0.212648,0.0088839
3.44,2.0,0.118677,0.289375,0.0701708,0.285523,0.069774,1.89055,0.295045,7.47773e-05,-0.213979,0.00935875
3.45,2.0,0.120161,0.291363,0.0706468,0.287765,0.0702831,1.88841,0.295142,7.68713e-05,-0.215345,0.00983931
3.46,2.0,0.121553,0.291489,0.0706725,0.287931,0.070299,1.88626,0.295243,7.72108e-05,-0.216886,0.010338
3.47,2.0,0.122975,0.291511,0.0706743,0.287943,0.0703188,1.88408,0.29535,7.75415e-05,-0.218525,0.0108935
3.48,2.0,0.124496,0.292819,0.0709883,0.289689,0.0707099,1.88189,0.295462,7.80492e-05,-0.220126,0.0114593
3.49,2.0,0.126162,0.296153,0.0717925,0.292975,0.0715051,1.87967,0.295581,7.9245e-05,-0.221316,0.0120535
3.5,2.0,0.127802,0.297979,0.072229,0.294784,0.0719284,1.87743,0.295705,8.1296e-05,-0.222619,0.0126773
3.51,2.0,0.129378,0.298156,0.0722667,0.29476,0.0719471,1.87517,0.295835,8.16512e-05,-0.22422,0.0133281
3.52,2.0,0.131812,0.298243,0.0722854,0.295044,0.0720307,1.87287,0.295972,8.21052e-05,-0.225818,0.0139963
3.53,2.0,0.133556,0.300019,0.072714,0.296225,0.0723261,1.87056,0.296116,8.29872e-05,-0.227266,0.0146971
3.54,2.0,0.135433,0.303469,0.0735448,0.29993,0.0732115,1.86822,0.296266,8.52234e-05,-0.228394,0.0154275
3.55,2.0,0.136866,0.304228,0.0737211,0.301171,0.0734817,1.86586,0.296424,8.57308e-05,-0.229834,0.0161792
3.56,2.0,0.138405,0.304235,0.0737207,0.301057,0.0734682,1.86349,0.29659,8.62235e-05,-0.241413,0.0169602
3.57,2.0,0.139793,0.30479,0.0738534,0.301715,0.0736331,1.86115,0.296764,8.70296e-05,-0.242924,0.0177645
3.58,2.0,0.141232,0.307623,0.0745324,0.30333,0.0740537,1.85878,0.296945,8.85772e-05,-0.244464,0.0186252
3.59,2.0,0.143076,0.30991,0.0750797,0.306507,0.0747585,1.85637,0.297135,8.89949e-05,-0.245667,0.0195872
3.6,2.0,0.144748,0.310451,0.0752066,0.306985,0.0748663,1.85394,0.297332,8.9473e-05,-0.247102,0.0205123
3.61,2.0,0.146425,0.310353,0.0751782,0.306993,0.0748568,1.8515,0.297537,8.97643e-05,-0.248601,0.0214112
3.62,2.0,0.148235,0.310972,0.0753234,0.307647,0.0750163,1.84904,0.297751,9.00304e-05,-0.250056,0.0224078
3.63,2.0,0.150199,0.313405,0.0759083,0.310157,0.0756083,1.84655,0.297976,9.03408e-05,-0.251162,0.0234454
3.64,2.0,0.151978,0.315523,0.0764153,0.312176,0.0760961,1.84405,0.298211,9.0716e-05,-0.252405,0.0245349
3.65,2.0,0.153729,0.315995,0.0765238,0.312402,0.0761753,1.84152,0.298457,9.09221e-05,-0.253882,0.0256815
3.66,2.0,0.155619,0.31646,0.0766321,0.313153,0.0763439,1.83896,0.298715,9.11562e-05,-0.255295,0.0268717
3.67,2.0,0.157587,0.317636,0.0769129,0.314081,0.0765837,1.83638,0.298985,9.14291e-05,-0.256583,0.0281439
3.68,2.0,0.159789,0.321337,0.077804,0.317598,0.0774269,1.83378,0.299268,9.17736e-05,-0.257673,0.0294739
3.69,2.0,0.161927,0.321959,0.0779473,0.318912,0.0777253,1.83117,0.299565,9.19494e-05,-0.259029,0.0308362
3.7,2.0,0.164844,0.321793,0.0779068,0.318396,0.0776412,1.82854,0.299876,9.21737e-05,-0.260577,0.0322709
3.71,2.0,0.166635,0.322833,0.0781534,0.319093,0.0777953,1.82588,0.300202,9.24286e-05,-0.262101,0.0337023
3.72,2.0,0.168292,0.324876,0.0786455,0.321127,0.0782837,1.82319,0.300541,9.27358e-05,-0.263284,0.0350101
3.73,2.0,0.170951,0.327421,0.0792558,0.324343,0.0789859,1.82048,0.300893,9.29578e-05,-0.264346,0.0363036
3.74,2.0,0.172991,0.327828,0.0793462,0.324616,0.0790551,1.81778,0.301258,9.31448e-05,-0.274814,0.0375101
3.75,2.0,0.174756,0.327611,0.079292,0.324644,0.079084,1.8151,0.301636,9.33701e-05,-0.276208,0.038639
3.76,2.0,0.178028,0.32886,0.0795906,0.325214,0.0792228,1.81253,0.302025,9.36279e-05,-0.272733,0.0395081
3.77,2.0,0.180883,0.331985,0.0803367,0.328045,0.0799346,1.80964,0.302425,9.39597e-05,-0.278836,0.0405092
3.78,2.0,0.18304,0.333297,0.0806441,0.329593,0.080305,1.80688,0.302835,9.41116e-05,-0.279978,0.0410775
3.79,2.0,0.185076,0.333518,0.0806953,0.330225,0.0804337,1.80411,0.303248,9.42857e-05,-0.281261,0.0409813
3.8,2.0,0.186751,0.334301,0.0808813,0.330727,0.0805792,1.80131,0.303661,9.44977e-05,-0.282581,0.0408116
3.81,2.0,0.188147,0.336556,0.0814211,0.332925,0.0811226,1.7985,0.304073,9.47634e-05,-0.283694,0.0404306
3.82,2.0,0.190174,0.340392,0.0823421,0.335964,0.0818632,1.79567,0.30448,9.5164e-05,-0.285002,0.0397033
3.83,2.0,0.19257,0.340251,0.0823028,0.337188,0.0820935,1.79281,0.304879,9.53161e-05,-0.28624,0.0388621
3.84,2.0,0.194358,0.340355,0.0823292,0.337347,0.0821417,1.78993,0.305269,9.54978e-05,-0.287485,0.0377478
3.85,2.0,0.196955,0.342366,0.0828129,0.339083,0.0825255,1.78703,0.305646,9.57226e-05,-0.288668,0.0362753
3.86,2.0,0.19985,0.346279,0.0837418,0.342459,0.0833417,1.78412,0.306008,9.60444e-05,-0.289601,0.0345896
3.87,2.0,0.202587,0.346937,0.0838951,0.343227,0.0835731,1.78128,0.30635,9.64862e-05,-0.295593,0.0324337
3.88,2.0,0.204741,0.347018,0.0839147,0.343471,0.0836298,1.77824,0.306669,9.66551e-05,-0.292314,0.0299661
3.89,2.0,0.206306,0.348521,0.0842714,0.34509,0.0839648,1.77527,0.306961,9.6835e-05,-0.293426,0.027077
3.9,2.0,0.208597,0.350518,0.0847544,0.347763,0.0846231,1.77228,0.307222,9.70829e-05,-0.294387,0.023808
3.91,2.0,0.210868,0.352998,0.085352,0.349995,0.0851723,1.76928,0.307448,9.74623e-05,-0.295438,0.0201345
3.92,2.0,0.212958,0.3542,0.0856359,0.350822,0.0853456,1.76626,0.307635,9.79171e-05,-0.296708,0.0161094
3.93,2.0,0.216952,0.354077,0.0855976,0.350363,0.0853159,1.76325,0.307781,9.81106e-05,-0.306622,0.0118533
3.94,2.0,0.220467,0.355694,0.0859876,0.352292,0.0857676,1.76023,0.307884,9.82876e-05,-0.307641,0.00745123
3.95,2.0,0.223303,0.359542,0.0869122,0.356463,0.0867181,1.7572,0.307941,9.85728e-05,-0.30835,0.00299675
3.96,2.0,0.226536,0.36097,0.0872503,0.357896,0.0870646,1.75415,0.307954,9.89576e-05,-0.309402,-0.00148403
3.97,2.0,0.229371,0.361803,0.0874473,0.359022,0.0872886,1.7511,0.307923,9.94016e-05,-0.310571,-0.00566037
3.98,2.0,0.231973,0.363401,0.0878292,0.360171,0.0876037,1.74801,0.307853,9.96328e-05,-0.311927,-0.0092794
3.99,2.0,0.235078,0.366732,0.0886287,0.363625,0.0884409,1.7449,0.307748,9.9831e-05,-0.312694,-0.0122451
4.0,2.0,0.237992,0.368883,0.0891409,0.365745,0.0889215,1.74178,0.307616,0.000100153,-0.313578,-0.0148839
4.01,2.0,0.241733,0.36994,0.0893902,0.366873,0.089179,1.73865,0.307458,0.000100549,-0.314613,-0.0175016
4.02,2.0,0.245412,0.371395,0.0897364,0.367699,0.0894176,1.73551,0.307273,0.000101019,-0.315637,-0.0202122
4.03,2.0,0.249984,0.374927,0.0905743,0.370316,0.0901043,1.73234,0.307062,0.000101287,-0.316691,-0.0230121
4.04,2.0,0.251277,0.376944,0.091055,0.373093,0.0907418,1.72916,0.306821,0.000101548,-0.317479,-0.0260096
4.05,2.0,0.25272,0.378261,0.0913698,0.374738,0.0911022,1.72596,0.30655,0.0001019,-0.318371,-0.0292135
4.06,2.0,0.254063,0.379534,0.0916709,0.376312,0.0914315,1.72276,0.306247,0.000102339,-0.319319,-0.0325991
4.07,2.0,0.25551,0.382215,0.0923143,0.378699,0.0920278,1.71954,0.305909,0.000102917,-0.320117,-0.0362407
4.08,2.0,0.258203,0.386064,0.0932354,0.381999,0.0928586,1.7163,0.305533,0.000103152,-0.321006,-0.0402288
4.09,2.0,0.259319,0.388412,0.0937961,0.384616,0.0934657,1.71304,0.305115,0.000103465,-0.321687,-0.0445571
4.1,2.0,0.261018,0.392348,0.0947407,0.388916,0.0944512,1.70978,0.304651,0.000103899,-0.321965,-0.0492293
4.11,2.0,0.26235,0.397288,0.0959262,0.392681,0.0954237,1.70652,0.304137,0.000104531,-0.322124,-0.0545977
4.12,2.0,0.264589,0.404748,0.0977141,0.400059,0.0971764,1.70329,0.303563,0.000105106,-0.322665,-0.0610067
4.13,1.0,0.266928,0.413474,0.0998055,0.408971,0.0993345,1.69997,0.302921,0.000105543,-0.329757,-0.068073
4.14,1.0,0.271839,0.420139,0.101402,0.416378,0.101089,1.69672,0.302203,0.000106226,-0.329195,-0.0762628
4.15,1.0,0.27428,0.423363,0.102167,0.420058,0.101917,1.69348,0.301398,0.00010721,-0.329363,-0.0857885
4.16,1.0,0.274841,0.423231,0.102127,0.419441,0.101762,1.69024,0.300495,0.000107953,-0.330124,-0.0965469
4.17,1.0,0.27656,0.422409,0.101921,0.418483,0.101535,1.68698,0.299486,0.000108486,-0.331367,-0.108008
4.18,1.0,0.278748,0.424195,0.102345,0.419929,0.101933,1.68368,0.298366,0.000109269,-0.33208,-0.11952
4.19,1.0,0.281134,0.426181,0.102815,0.422631,0.102504,1.68039,0.297138,0.000110502,-0.332606,-0.130017
4.2,1.0,0.284185,0.427452,0.103114,0.423674,0.102778,1.67709,0.295812,0.000111214,-0.332941,-0.138418
4.21,2.0,0.286189,0.429827,0.10369,0.426454,0.103457,1.67378,0.294401,0.000111834,-0.333448,-0.146839
4.22,2.0,0.288506,0.431965,0.104201,0.428039,0.103882,1.67046,0.292903,0.000112816,-0.334426,-0.155227
4.23,2.0,0.290809,0.432848,0.104406,0.428646,0.10405,1.66711,0.291322,0.000114212,-0.335099,-0.163463
4.24,2.0,0.293233,0.433606,0.104583,0.429773,0.104277,1.66376,0.289661,0.000114615,-0.335663,-0.171494
4.25,2.0,0.295657,0.434633,0.104826,0.430641,0.104481,1.66041,0.287927,0.000115189,-0.336233,-0.178363
4.26,2.0,0.298064,0.436534,0.105279,0.4326,0.104931,1.65705,0.286129,0.000116077,-0.336655,-0.184517
4.27,2.0,0.30143,0.439771,0.106051,0.435834,0.105696,1.65367,0.284271,0.000117201,-0.337454,-0.19017
4.28,2.0,0.303876,0.441293,0.10641,0.437541,0.10607,1.65027,0.282361,0.000117494,-0.337812,-0.195273
4.29,2.0,0.306293,0.441329,0.106413,0.4378,0.106138,1.64687,0.280409,0.000118012,-0.338334,-0.197725
4.3,2.0,0.309029,0.443815,0.107012,0.440815,0.106839,1.64347,0.278438,0.000118918,-0.338888,-0.199053
4.31,2.0,0.311438,0.447454,0.107882,0.443246,0.107547,1.64006,0.276447,0.000120003,-0.339827,-0.20145
4.32,2.0,0.313816,0.449245,0.108308,0.445533,0.108036,1.63661,0.274426,0.000120287,-0.340971,-0.204965
4.33,2.0,0.316072,0.450652,0.108641,0.446585,0.108326,1.63316,0.272369,0.000120859,-0.342033,-0.208505
4.34,2.0,0.3183,0.453803,0.109395,0.45036,0.109137,1.6297,0.27028,0.00012191,-0.343013,-0.211755
4.35,2.0,0.320909,0.4575,0.110275,0.454062,0.110005,1.62623,0.268161,0.00012296,-0.344027,-0.214765
4.36,2.0,0.323542,0.45924,0.110688,0.455437,0.110381,1.62273,0.266016,0.000123245,-0.345513,-0.217039
4.37,2.0,0.325916,0.460561,0.111004,0.457007,0.110758,1.61922,0.26386,0.000123848,-0.353554,-0.216627
4.38,2.0,0.328321,0.463345,0.111669,0.459748,0.111385,1.61572,0.261703,0.000124945,-0.354362,-0.216808
4.39,2.0,0.33091,0.467278,0.11261,0.463603,0.112312,1.61223,0.259537,0.000126057,-0.355044,-0.218193
4.4,2.0,0.333306,0.46961,0.113164,0.46535,0.112825,1.60872,0.257351,0.000126323,-0.356206,-0.220598
4.41,3.0,0.335748,0.471537,0.113622,0.467242,0.113266,1.60517,0.255139,0.000126923,-0.357262,-0.223277
4.42,2.0,0.338299,0.474533,0.114337,0.470588,0.11401,1.60162,0.252901,0.000128039,-0.357941,-0.226453
4.43,2.0,0.341052,0.479015,0.115405,0.475607,0.11515,1.59806,0.250636,0.000129335,-0.358448,-0.229651
4.44,2.0,0.343671,0.482005,0.116113,0.478192,0.115777,1.5945,0.248351,0.000129572,-0.359196,-0.230312
4.45,2.0,0.346048,0.483564,0.116492,0.4798,0.116201,1.5909,0.246052,0.000130156,-0.36041,-0.231704
4.46,2.0,0.348224,0.485989,0.117071,0.482592,0.116829,1.58729,0.243725,0.000131253,-0.361,-0.234731
4.47,2.0,0.35065,0.489929,0.118014,0.486503,0.117775,1.58368,0.241359,0.000132785,-0.361415,-0.239146
4.48,2.0,0.352815,0.493562,0.118882,0.490106,0.118629,1.58007,0.238946,0.000132957,-0.361814,-0.244601
4.49,2.0,0.35507,0.49598,0.119458,0.491695,0.119133,1.57643,0.236481,0.000133493,-0.36279,-0.250907
4.5,2.0,0.35758,0.498359,0.120025,0.493989,0.119679,1.57277,0.233959,0.000134533,-0.363438,-0.256969
4.51,2.0,0.359948,0.501547,0.120788,0.497715,0.120493,1.56911,0.231383,0.000136336,-0.363841,-0.261535
4.52,3.0,0.362314,0.506277,0.12192,0.502825,0.121655,1.56545,0.228744,0.000136522,-0.364053,-0.267758
4.53,3.0,0.364612,0.509055,0.122581,0.504812,0.122246,1.56179,0.226029,0.000136992,-0.36482,-0.275853
4.54,3.0,0.367112,0.511317,0.123119,0.507561,0.122831,1.55808,0.223226,0.000137969,-0.365383,-0.285733
4.55,3.0,0.370075,0.51451,0.123884,0.510749,0.123618,1.55438,0.220327,0.00013969,-0.365615,-0.297145
4.56,2.0,0.372524,0.519379,0.125049,0.515584,0.124762,1.55069,0.217324,0.000140345,-0.365701,-0.307534
4.57,2.0,0.374855,0.522773,0.125858,0.518351,0.125514,1.54703,0.214213,0.000140754,-0.366593,-0.317809
4.58,2.0,0.377453,0.525499,0.126508,0.521059,0.126144,1.54331,0.210976,0.00014167,-0.372984,-0.330333
4.59,2.0,0.379961,0.52863,0.127256,0.524479,0.12693,1.53961,0.207599,0.000143301,-0.373099,-0.346368
4.6,2.0,0.382942,0.533885,0.128515,0.530102,0.128216,1.53591,0.204062,0.000144442,-0.373026,-0.365151
4.61,2.0,0.385432,0.538156,0.129535,0.534286,0.129243,1.53223,0.200353,0.000144778,-0.372952,-0.381587
4.62,2.0,0.387307,0.541742,0.130392,0.537387,0.130038,1.52851,0.196466,0.000145635,-0.373497,-0.399011
4.63,2.0,0.389188,0.545368,0.131258,0.541141,0.130892,1.52479,0.192384,0.000147219,-0.37332,-0.420018
4.64,2.0,0.391822,0.550167,0.132406,0.54599,0.132049,1.52108,0.188091,0.00014888,-0.373004,-0.443844
4.65,2.0,0.394081,0.554311,0.133394,0.550028,0.133049,1.51737,0.183589,0.000149172,-0.372718,-0.461046
4.66,2.0,0.396125,0.556748,0.133972,0.552145,0.133604,1.51365,0.178913,0.000149979,-0.373123,-0.478452
4.67,2.0,0.39836,0.55914,0.134539,0.554851,0.134189,1.50991,0.174052,0.000151472,-0.373119,-0.49868
4.68,2.0,0.400425,0.563148,0.135494,0.55925,0.135195,1.50618,0.168993,0.000153617,-0.3728,-0.518137
4.69,1.0,0.40339,0.568149,0.136686,0.564331,0.13639,1.50246,0.163748,0.000153813,-0.372408,-0.536666
4.7,1.0,0.405976,0.572838,0.137805,0.568428,0.137452,1.49873,0.158288,0.000154539,-0.372362,-0.561689
4.71,1.0,0.40814,0.573623,0.137988,0.569669,0.137702,1.49498,0.152573,0.000155924,-0.372508,-0.586752
4.72,1.0,0.409677,0.577177,0.138837,0.573288,0.138536,1.49124,0.146629,0.000158218,-0.372035,-0.60892
4.73,1.0,0.412564,0.582407,0.140087,0.577672,0.139668,1.48752,0.140685,0.000158682,-0.371551,-0.638201
4.74,1.0,0.414901,0.585846,0.140906,0.580959,0.140498,1.48379,0.134026,0.000159275,-0.371497,-0.656077
4.75,1.0,0.416227,0.587954,0.141407,0.583593,0.141054,1.48004,0.127425,0.000160498,-0.37139,-0.673959
4.76,1.0,0.417648,0.590237,0.14195,0.586093,0.141616,1.47629,0.120632,0.000162581,-0.370942,-0.691053
4.77,1.0,0.419271,0.592778,0.142556,0.588951,0.142274,1.47256,0.113727,0.000163711,-0.370562,-0.69907
4.78,1.0,0.421723,0.595868,0.143293,0.591748,0.142986,1.46886,0.106739,0.000164055,-0.370952,-0.707118
4.79,1.0,0.42268,0.598174,0.143841,0.593574,0.143472,1.46508,0.0997425,0.000164967,-0.370345,-0.703371
4.8,1.0,0.424108,0.600809,0.14447,0.596164,0.144093,1.46133,0.0927741,0.000166628,-0.369806,-0.704379
4.81,1.0,0.425149,0.603465,0.145103,0.599179,0.144766,1.45759,0.0858969,0.00016878,-0.369303,-0.686237
4.82,1.0,0.425999,0.606323,0.145785,0.602272,0.145483,1.45388,0.0791898,0.000168844,-0.375197,-0.666961
4.83,1.0,0.42708,0.611492,0.147021,0.607364,0.146714,1.45016,0.072709,0.000169443,-0.374959,-0.635612
4.84,1.0,0.428604,0.614912,0.147835,0.610637,0.147491,1.44644,0.0665475,0.000170778,-0.374415,-0.599476
4.85,1.0,0.430297,0.616686,0.148255,0.612095,0.147854,1.44273,0.0607129,0.000172992,-0.37391,-0.577412
4.86,1.0,0.43191,0.619515,0.148929,0.614814,0.148526,1.43904,0.0552398,0.00017409,-0.373239,-0.519714
4.87,1.0,0.433953,0.626048,0.150492,0.621376,0.150099,1.43533,0.0503102,0.000174483,-0.373115,-0.463375
4.88,1.0,0.435717,0.62999,0.151429,0.625805,0.151111,1.43161,0.0459016,0.000175518,-0.37256,-0.431212
4.89,1.0,0.437464,0.633671,0.152302,0.629561,0.151979,1.42791,0.0418558,0.000177323,-0.371922,-0.399267
4.9,1.0,0.440133,0.639906,0.153791,0.635679,0.153473,1.42422,0.0378584,3.55524e-05,-0.371115,-0.396177
4.91,1.0,0.44254,0.648543,0.155856,0.643859,0.155515,1.42053,0.0334866,5.90016e-05,-0.370527,-0.50058
4.92,1.0,0.444732,0.655189,0.157442,0.650652,0.157096,1.41683,0.0280934,7.0301e-05,-0.36989,-0.64627
4.93,2.0,0.446956,0.661336,0.158909,0.657219,0.158663,1.41314,0.0,0.00018197,-0.369086,0.0
4.94,1.0,0.449044,0.667448,0.160369,0.663207,0.160085,1.40947,0.00200603,0.00018404,-0.368184,-0.0673167
4.95,1.0,0.451625,0.675702,0.162341,0.671136,0.162026,1.40581,0.0163119,0.000185789,-0.367469,0.344333
4.96,1.0,0.454099,0.683143,0.164116,0.678543,0.163786,1.40212,0.0192994,0.000186119,-0.366843,0.229838
4.97,1.0,0.456455,0.689802,0.165706,0.685316,0.165358,1.39845,0.0210989,0.000186921,-0.365878,0.810133
4.98,1.0,0.458792,0.696554,0.16732,0.69159,0.166946,1.39479,0.0301772,0.00018828,-0.364859,2.00819
4.99,1.0,0.461332,0.703797,0.169047,0.699457,0.168751,1.39116,0.047563,0.000190355,-0.363657,1.34014
5.0,1.0,0.463237,0.716337,0.172045,0.71152,0.171712,1.3875,0.0500663,0.000192094,-0.362653,0.0171579
5.01,1.0,0.463277,0.741821,0.178155,0.737073,0.177817,1.38387,0.0435733,0.000192441,-0.360664,-1.02536
5.02,1.0,0.45843,0.763377,0.18332,0.75921,0.183118,1.38026,0.0,0.000193082,-0.358178,0.0
5.03,1.0,0.455403,0.772334,0.185457,0.767233,0.185091,1.37668,0.534865,0.000193974,-0.35658,5.57615
5.04,1.0,0.456624,0.780993,0.187521,0.775982,0.187161,1.3731,0.595983,0.000195216,-0.355482,6.49125
5.05,1.0,0.457155,0.788316,0.189266,0.783783,0.188962,1.36952,0.661219,0.000196923,-0.354287,5.99915
5.06,1.0,0.458978,0.799066,0.191832,0.794023,0.191482,1.36596,0.711004,0.000198681,-0.352587,3.97224
5.07,1.0,0.460301,0.808741,0.194139,0.803341,0.193798,1.36243,0.743704,0.000198924,-0.350676,2.43855
5.08,1.0,0.461999,0.816998,0.19611,0.812173,0.195876,1.35891,0.769674,0.000199373,-0.349099,2.97141
5.09,1.0,0.461424,0.824943,0.198006,0.819987,0.197639,1.35538,0.80741,0.00019999,-0.34768,4.11677
5.1,1.0,0.46142,0.833744,0.200109,0.828527,0.199674,1.35187,0.848198,0.00020082,-0.345924,4.23814
5.11,1.0,0.462337,0.842892,0.202296,0.837788,0.201917,1.34839,0.878083,0.000201933,-0.344013,2.78886
5.12,1.0,0.463346,0.852845,0.204678,0.848188,0.204363,1.34494,0.892772,0.000203415,-0.341926,1.52658
5.13,1.0,0.464299,0.864524,0.207471,0.85884,0.207081,1.34148,0.89538,0.000205504,-0.34019,1.74882
5.14,1.0,0.465657,0.874289,0.2098,0.868623,0.209371,1.33804,0.924649,0.000177408,-0.345135,4.41925
5.15,2.0,0.466858,0.882491,0.211755,0.876828,0.211321,1.33464,0.900618,0.000176771,-0.343115,4.63052
5.16,2.0,0.46781,0.891097,0.213804,0.885466,0.213369,1.33126,0.945792,9.13379e-05,-0.340849,3.89911
5.17,2.0,0.468561,0.898775,0.215633,0.892495,0.215196,1.32791,0.975218,9.88911e-05,-0.3388,1.94429
5.18,2.0,0.469248,0.907314,0.217671,0.901665,0.217279,1.32455,0.994128,7.39335e-05,-0.337003,2.02236
5.19,2.0,0.469435,0.916612,0.219889,0.911155,0.219514,1.32121,1.02004,6.05601e-05,-0.33468,3.13117
5.2,2.0,0.46972,0.925577,0.222026,0.919821,0.221604,1.31791,1.05128,5.16388e-05,-0.332236,3.02442
5.21,3.0,0.469877,0.933488,0.223909,0.927878,0.223488,1.31463,1.07955,3.74123e-05,-0.330031,2.64886
5.22,1.0,0.470093,0.940602,0.225605,0.934163,0.225178,1.31137,1.14621,2.51472e-05,-0.328397,-1.07164
5.23,1.0,0.470002,0.947328,0.227212,0.941346,0.226798,1.30811,1.14259,2.01666e-05,-0.326547,0.26512
5.24,1.0,0.469524,0.954836,0.22901,0.948709,0.228512,1.30487,1.14401,1.63213e-05,-0.324467,1.87167
5.25,1.0,0.46968,0.964924,0.231427,0.959242,0.23099,1.30166,1.16358,1.3137e-05,-0.321784,3.07752
5.26,1.0,0.469661,0.974671,0.233757,0.969526,0.233367,1.29849,1.19623,1.3153e-05,-0.318903,3.1249
5.27,1.0,0.469949,0.980987,0.235261,0.974029,0.234689,1.29533,1.22437,2.03244e-05,-0.316945,2.48581
5.28,1.0,0.469564,0.987121,0.236723,0.981688,0.236337,1.29217,1.24788,2.6787e-05,-0.314892,2.26444
5.29,1.0,0.469403,0.993733,0.2383,0.987442,0.237751,1.28905,1.2709,3.18645e-05,-0.31262,2.33874
5.3,1.0,0.469323,1.00044,0.239899,0.994721,0.239485,1.28596,1.29436,3.59155e-05,-0.310205,2.32274
5.31,1.0,0.46936,1.00823,0.241756,1.00181,0.241234,1.28289,1.3173,3.93667e-05,-0.307529,2.25793
5.32,1.0,0.469503,1.01669,0.24377,1.01005,0.243305,1.27984,1.33965,3.22826e-05,-0.305302,2.20573
5.33,1.0,0.469433,1.0234,0.245363,1.01709,0.244944,1.2768,1.3615,4.56457e-05,-0.303029,2.15276
5.34,1.0,0.469449,1.02884,0.246653,1.0228,0.246214,1.2738,1.38279,3.67109e-05,-0.300668,2.09306
5.35,1.0,0.469237,1.03424,0.247937,1.02837,0.247496,1.27082,1.40359,3.00653e-05,-0.298197,2.06
5.36,1.0,0.469181,1.04112,0.249575,1.03492,0.249127,1.26787,1.42418,6.13236e-06,-0.295462,2.05442
5.37,1.0,0.469033,1.04877,0.251396,1.04215,0.25094,1.26495,1.44476,6.84688e-07,-0.292949,2.05958
5.38,1.0,0.468964,1.05598,0.253108,1.04935,0.252616,1.26203,1.46539,2.81054e-06,-0.290357,2.05775
5.39,1.0,0.46863,1.06164,0.254447,1.05557,0.254014,1.25915,1.48591,4.37485e-06,-0.287844,2.04014
5.4,1.0,0.468292,1.06667,0.255641,1.06065,0.255217,1.2563,1.50619,3.50017e-06,-0.285323,2.00657
5.41,1.0,0.467994,1.07224,0.256965,1.06636,0.256557,1.25348,1.5261,3.97513e-06,-0.282653,1.96964
5.42,1.0,0.467678,1.07831,0.258406,1.07174,0.257981,1.25069,1.54567,4.60712e-06,-0.279929,1.93845
5.43,1.0,0.467496,1.08618,0.260275,1.07918,0.259836,1.24791,1.56496,5.14176e-06,-0.277516,1.91612
5.44,1.0,0.467203,1.09192,0.261628,1.08532,0.26116,1.24515,1.58406,5.5377e-06,-0.27495,1.89986
5.45,1.0,0.466763,1.0964,0.262683,1.09008,0.262249,1.24242,1.60302,5.80369e-06,-0.27244,1.88631
5.46,1.0,0.466446,1.10121,0.263818,1.09492,0.263407,1.23973,1.62182,5.9459e-06,-0.269869,1.86992
5.47,1.0,0.466014,1.10678,0.265133,1.10075,0.26469,1.23707,1.64077,5.97338e-06,-0.267165,1.85071
5.48,1.0,0.465757,1.11389,0.266818,1.10723,0.266395,1.23444,1.65886,6.71085e-06,-0.259149,1.83045
5.49,1.0,0.465352,1.11945,0.268124,1.11268,0.267692,1.23181,1.67816,7.91253e-06,-0.261979,2.05044
5.5,1.0,0.464833,1.12364,0.269109,1.11718,0.268667,1.22921,1.69908,9.12975e-06,-0.259588,2.05723
5.51,1.0,0.46422,1.12792,0.270116,1.12193,0.26979,1.22665,1.71947,1.03312e-05,-0.257161,2.0827
5.52,1.0,0.463668,1.1332,0.271364,1.12679,0.27097,1.22411,1.73478,1.14944e-05,-0.254592,1.8848
5.53,1.0,0.463135,1.13949,0.272854,1.13348,0.272477,1.2216,1.7501,1.26051e-05,-0.251847,1.7873
5.54,1.0,0.462642,1.14514,0.274184,1.13912,0.2739,1.21913,1.76498,1.36557e-05,-0.249186,1.75621
5.55,1.0,0.461998,1.14945,0.275198,1.14292,0.274828,1.21666,1.78238,1.4648e-05,-0.247341,1.72529
5.56,1.0,0.461308,1.15349,0.276148,1.14688,0.275801,1.2142,1.79956,1.55793e-05,-0.245127,1.70902
5.57,1.0,0.46071,1.15836,0.277302,1.15202,0.276946,1.21178,1.81659,1.64494e-05,-0.242703,1.69365
5.58,1.0,0.460234,1.16437,0.278724,1.15756,0.278301,1.20939,1.83346,1.72623e-05,-0.240069,1.67842
5.59,1.0,0.459623,1.16958,0.279951,1.16303,0.279567,1.20702,1.85018,1.80184e-05,-0.237599,1.66372
5.6,1.0,0.458905,1.17342,0.280851,1.16695,0.280531,1.20469,1.86675,1.87218e-05,-0.235449,1.64879
5.61,1.0,0.458213,1.17721,0.281746,1.16993,0.281417,1.20237,1.88317,1.93743e-05,-0.233652,1.63451
5.62,1.0,0.457581,1.18167,0.282802,1.1749,0.282477,1.20005,1.89946,1.99771e-05,-0.23154,1.6202
5.63,1.0,0.457026,1.18743,0.284163,1.18042,0.283801,1.19776,1.91559,2.05338e-05,-0.229095,1.60593
5.64,1.0,0.456336,1.19196,0.285227,1.18535,0.284939,1.19549,1.93159,2.10438e-05,-0.226958,1.59213
5.65,1.0,0.455588,1.19539,0.286033,1.18884,0.285745,1.19325,1.94745,2.15094e-05,-0.224971,1.57825
5.66,1.0,0.454853,1.19914,0.286916,1.19236,0.286583,1.19104,1.96317,2.1935e-05,-0.222998,1.56461
5.67,1.0,0.454147,1.20324,0.287886,1.19639,0.287567,1.18884,1.97876,2.23217e-05,-0.221014,1.55126
5.68,1.0,0.453539,1.2089,0.289227,1.20159,0.28891,1.18666,1.99422,2.267e-05,-0.219047,1.53803
5.69,1.0,0.452805,1.21271,0.290122,1.20574,0.289818,1.18448,2.00954,2.29796e-05,-0.217218,1.52504
5.7,1.0,0.452029,1.21574,0.290837,1.20919,0.29054,1.18232,2.02473,2.29004e-05,-0.215507,1.51227
5.71,1.0,0.451285,1.21913,0.29164,1.21229,0.291347,1.18018,2.0398,2.2505e-05,-0.213736,1.49972
5.72,1.0,0.450572,1.22319,0.292603,1.21668,0.292315,1.17806,2.05474,2.21765e-05,-0.21187,1.48738
5.73,1.0,0.449912,1.22798,0.293736,1.22115,0.293376,1.17596,2.06956,2.19115e-05,-0.209884,1.47526
5.74,1.0,0.449129,1.2311,0.29447,1.22438,0.294171,1.17388,2.08426,2.16984e-05,-0.208262,1.46335
5.75,1.0,0.448323,1.23364,0.295067,1.22609,0.294717,1.17182,2.09884,2.1529e-05,-0.206998,1.45167
5.76,1.0,0.447558,1.23691,0.295842,1.22945,0.295547,1.16975,2.11331,2.1402e-05,-0.205534,1.44018
5.77,1.0,0.446859,1.24136,0.296898,1.23378,0.296586,1.16769,2.12766,2.13171e-05,-0.203734,1.42895
5.78,1.0,0.446122,1.24504,0.297762,1.23777,0.297387,1.16565,2.1419,2.12695e-05,-0.20209,1.41788
5.79,1.0,0.445295,1.24773,0.298395,1.24034,0.29803,1.16362,2.15636,2.12452e-05,-0.200655,1.40717
5.8,1.0,0.444476,1.24991,0.298909,1.24273,0.298504,1.16161,2.17006,2.12348e-05,-0.19936,1.39653
5.81,1.0,0.443675,1.25296,0.29963,1.24598,0.29929,1.15961,2.18397,2.12329e-05,-0.197916,1.38605
5.82,1.0,0.44296,1.25723,0.300643,1.2499,0.300288,1.15763,2.19779,2.12452e-05,-0.19628,1.3757
5.83,1.0,0.442162,1.26025,0.301352,1.25298,0.301088,1.15565,2.2115,2.12752e-05,-0.19515,1.3655
5.84,1.0,0.441305,1.26237,0.301849,1.25518,0.301513,1.15367,2.22511,2.13105e-05,-0.194045,1.35546
5.85,1.0,0.440462,1.26475,0.30241,1.25755,0.302075,1.15169,2.23862,2.13485e-05,-0.19284,1.34543
5.86,1.0,0.439638,1.26748,0.303056,1.26054,0.302681,1.14973,2.25203,2.13974e-05,-0.191548,1.33559
5.87,1.0,0.438904,1.27163,0.304037,1.26453,0.303679,1.1478,2.2657,2.14685e-05,-0.195194,1.32602
5.88,1.0,0.438056,1.27412,0.304618,1.267,0.304305,1.14589,2.27856,2.15412e-05,-0.193923,1.31649
5.89,1.0,0.437172,1.27595,0.305049,1.26934,0.304755,1.14399,2.29168,2.16083e-05,-0.192815,1.30702
5.9,1.0,0.436316,1.27818,0.305574,1.27105,0.305244,1.1421,2.30471,2.1675e-05,-0.191676,1.29771
5.91,1.0,0.435488,1.28107,0.306258,1.27394,0.305976,1.14021,2.31764,2.17469e-05,-0.190674,1.2886
5.92,1.0,0.434719,1.2847,0.307113,1.27758,0.306835,1.13832,2.33049,2.18428e-05,-0.189354,1.27949
5.93,1.0,0.433846,1.28682,0.307609,1.27954,0.307288,1.13643,2.34324,2.19346e-05,-0.188262,1.27074
5.94,1.0,0.432947,1.28843,0.307986,1.28109,0.307682,1.13455,2.35591,2.2018e-05,-0.187274,1.26207
5.95,1.0,0.432089,1.29067,0.308513,1.28294,0.308143,1.13268,2.36849,2.2101e-05,-0.186169,1.25349
5.96,1.0,0.431243,1.29335,0.309147,1.28577,0.308769,1.13082,2.38099,2.21973e-05,-0.185024,1.24517
5.97,1.0,0.43045,1.29664,0.309923,1.28995,0.309645,1.12897,2.3934,2.23042e-05,-0.183769,1.23694
5.98,1.0,0.429557,1.29853,0.310361,1.2914,0.310012,1.12712,2.40574,2.2412e-05,-0.182817,1.22905
5.99,1.0,0.428647,1.29997,0.310699,1.29279,0.310364,1.12528,2.41799,2.25087e-05,-0.182078,1.22124
6.0,1.0,0.427777,1.30203,0.311182,1.29456,0.310904,1.12343,2.43017,2.26053e-05,-0.18123,1.21354
6.01,1.0,0.426922,1.3045,0.311766,1.29727,0.31147,1.12157,2.44227,2.27066e-05,-0.180195,1.20598
6.02,1.0,0.426125,1.30766,0.31251,1.30004,0.312145,1.11976,2.45429,2.28354e-05,-0.183289,1.19846
6.03,1.0,0.425224,1.30942,0.31292,1.30164,0.31252,1.11796,2.46624,2.29583e-05,-0.182318,1.19127
6.04,1.0,0.424311,1.31076,0.313233,1.30285,0.31283,1.11616,2.47812,2.30688e-05,-0.181459,1.18405
6.05,1.0,0.423422,1.3126,0.313665,1.30559,0.313332,1.11437,2.48993,2.31764e-05,-0.180523,1.17688
6.06,1.0,0.422568,1.31505,0.314245,1.30767,0.313838,1.11259,2.50166,2.32917e-05,-0.179489,1.16968
6.07,1.0,0.42176,1.31802,0.314942,1.31032,0.314583,1.11081,2.51333,2.3435e-05,-0.178394,1.16267
6.08,1.0,0.420869,1.31976,0.315346,1.31161,0.314986,1.10903,2.52492,2.35728e-05,-0.17777,1.15567
6.09,1.0,0.419962,1.32114,0.315668,1.31289,0.315288,1.10724,2.53645,2.36981e-05,-0.177007,1.14869
6.1,1.0,0.419096,1.32317,0.316144,1.3154,0.31579,1.10545,2.5479,2.38245e-05,-0.176056,1.14161
6.11,1.0,0.418265,1.32577,0.316756,1.31757,0.316342,1.10366,2.55929,2.39605e-05,-0.174984,1.13479
6.12,1.0,0.417437,1.32827,0.317342,1.32117,0.31709,1.10188,2.5706,2.41165e-05,-0.1739,1.12793
6.13,1.0,0.416544,1.32984,0.317705,1.32289,0.31741,1.10012,2.58185,2.42611e-05,-0.17683,1.12101
6.14,1.0,0.41566,1.33147,0.318084,1.32453,0.317879,1.09839,2.59303,2.43235e-05,-0.175914,1.11423
6.15,1.0,0.414789,1.33356,0.318575,1.32651,0.318326,1.09667,2.60414,2.4317e-05,-0.174929,1.10747
6.16,1.0,0.413921,1.33542,0.319007,1.32842,0.318714,1.09495,2.61518,2.43104e-05,-0.174017,1.10081
6.17,1.0,0.413022,1.3368,0.319329,1.32903,0.319085,1.09323,2.62616,2.43044e-05,-0.173447,1.094
6.18,1.0,0.412143,1.3385,0.319725,1.3307,0.319471,1.09149,2.63707,2.42987e-05,-0.172587,1.0875
6.19,1.0,0.411256,1.33999,0.32007,1.33264,0.319858,1.08976,2.64791,2.4293e-05,-0.171702,1.08101
6.2,1.0,0.41038,1.34143,0.320407,1.33377,0.320118,1.08803,2.65869,2.42876e-05,-0.170807,1.0745
6.21,1.0,0.409508,1.34295,0.320763,1.33562,0.320477,1.08631,2.66941,2.42821e-05,-0.169911,1.06812
6.22,1.0,0.408611,1.34415,0.321045,1.33676,0.320734,1.08458,2.68006,2.42771e-05,-0.169089,1.06188
6.23,1.0,0.407711,1.34532,0.321319,1.33768,0.320955,1.08287,2.69065,2.42727e-05,-0.168261,1.05563
6.24,1.0,0.406821,1.34635,0.321563,1.33842,0.321284,1.08119,2.70118,2.42689e-05,-0.170903,1.0495
6.25,1.0,0.40593,1.34726,0.321776,1.33975,0.321506,1.07952,2.71165,2.42657e-05,-0.170147,1.04351
6.26,1.0,0.405038,1.34812,0.321978,1.3397,0.321649,1.07784,2.72205,2.42632e-05,-0.169642,1.03752
6.27,1.0,0.40415,1.34898,0.322183,1.34098,0.321883,1.07615,2.7324,2.42615e-05,-0.168966,1.03166
6.28,1.0,0.403261,1.34986,0.322392,1.34184,0.32211,1.07446,2.74269,2.42603e-05,-0.16819,1.02588
6.29,1.0,0.40238,1.35076,0.322608,1.34246,0.32227,1.07278,2.75292,2.42594e-05,-0.167394,1.02014
6.3,1.0,0.401496,1.35168,0.322826,1.34365,0.322519,1.07109,2.7631,2.42586e-05,-0.166593,1.0145
6.31,1.0,0.400616,1.3526,0.323047,1.34458,0.322731,1.06941,2.77322,2.4258e-05,-0.165793,1.00892
6.32,1.0,0.399739,1.35354,0.323271,1.34531,0.322914,1.06773,2.78328,2.42575e-05,-0.164992,1.00335
6.33,1.0,0.398858,1.35448,0.323494,1.34654,0.323141,1.06606,2.79329,2.4257e-05,-0.167339,0.997867
6.34,1.0,0.397988,1.35542,0.323719,1.34689,0.323337,1.06443,2.80324,2.42564e-05,-0.166542,0.992451
6.35,1.0,0.397112,1.35634,0.323939,1.34788,0.323587,1.0628,2.81314,2.42559e-05,-0.16585,0.986966
6.36,1.0,0.396241,1.35727,0.32416,1.34791,0.323778,1.06115,2.82299,2.42554e-05,-0.165306,0.981643
6.37,1.0,0.39537,1.35818,0.324378,1.34985,0.324069,1.0595,2.83278,2.42549e-05,-0.164511,0.976286
6.38,1.0,0.394498,1.35908,0.324592,1.35102,0.324294,1.05785,2.84252,2.42544e-05,-0.163728,0.970939
6.39,1.0,0.393622,1.35997,0.324804,1.35221,0.324515,1.05621,2.8522,2.42539e-05,-0.162888,0.965627
6.4,1.0,0.392757,1.36086,0.325016,1.35319,0.324708,1.05456,2.86183,2.42534e-05,-0.162044,0.9603
6.41,1.0,0.391886,1.36173,0.325224,1.35404,0.324979,1.05292,2.87141,2.4253e-05,-0.161242,0.955045
6.42,1.0,0.391025,1.3626,0.325431,1.35484,0.325151,1.05128,2.88094,2.42526e-05,-0.160447,0.949819
6.43,1.0,0.390162,1.36345,0.325634,1.35609,0.325421,1.04969,2.8907,2.42522e-05,-0.162455,0.944577
6.44,1.0,0.389302,1.36429,0.325834,1.35706,0.325616,1.0481,2.89983,2.42519e-05,-0.161684,0.939374
6.45,1.0,0.388444,1.36512,0.326031,1.35713,0.325827,1.04651,2.9092,2.42515e-05,-0.161178,0.934156
6.46,1.0,0.387582,1.36593,0.326225,1.35798,0.32599,1.0449,2.91852,2.42513e-05,-0.160482,0.929063
6.47,1.0,0.38673,1.36674,0.326419,1.35907,0.32619,1.04329,2.92779,2.4251e-05,-0.15972,0.923974
6.48,1.0,0.38588,1.36755,0.326612,1.35961,0.32636,1.04168,2.937,2.42508e-05,-0.158939,0.918913
6.49,1.0,0.385022,1.36833,0.326797,1.36058,0.326545,1.04007,2.94617,2.42506e-05,-0.158151,0.913842
6.5,1.0,0.38417,1.3691,0.326981,1.36161,0.32671,1.03847,2.95528,2.42505e-05,-0.157386,0.908781
6.51,1.0,0.383325,1.36987,0.327164,1.36201,0.326855,1.03687,2.96435,2.42503e-05,-0.15911,0.903879
6.52,1.0,0.38248,1.37063,0.327346,1.36264,0.327021,1.03532,2.97336,2.42503e-05,-0.158357,0.898931
6.53,1.0,0.381637,1.37138,0.327525,1.36406,0.327228,1.03376,2.98233,2.42502e-05,-0.157626,0.894049
6.54,1.0,0.380795,1.37212,0.327701,1.36395,0.327426,1.03221,2.99125,2.42501e-05,-0.156936,0.889149
6.55,1.0,0.379958,1.37285,0.327876,1.36393,0.327547,1.03065,3.00023,2.42502e-05,-0.15652,0.884308
6.56,1.0,0.379118,1.37357,0.328047,1.36488,0.327696,1.02907,3.00894,2.42502e-05,-0.155866,0.879517
6.57,1.0,0.378279,1.37427,0.328213,1.3659,0.327872,1.02749,3.01771,2.42501e-05,-0.155168,0.874673
6.58,1.0,0.37744,1.37496,0.328378,1.36666,0.328,1.02591,3.02644,2.42502e-05,-0.154461,0.870038
6.59,1.0,0.376611,1.37565,0.328543,1.367,0.328154,1.02434,3.03511,2.42503e-05,-0.155906,0.865326
6.6,1.0,0.375778,1.37633,0.328704,1.368,0.328348,1.02282,3.04375,2.42503e-05,-0.1552,0.860716
6.61,1.0,0.374958,1.377,0.328864,1.36835,0.32846,1.02129,3.05233,2.42504e-05,-0.154568,0.856071
6.62,1.0,0.37413,1.37766,0.329022,1.36931,0.328639,1.01976,3.06087,2.42506e-05,-0.1539,0.851513
6.63,1.0,0.373305,1.37831,0.329177,1.36975,0.328757,1.01823,3.06937,2.42507e-05,-0.153253,0.84695
6.64,1.0,0.372479,1.37898,0.329338,1.37088,0.328937,1.0167,3.0778,2.42508e-05,-0.152632,0.842446
6.65,1.0,0.371651,1.37963,0.329492,1.37098,0.329119,1.01516,3.08622,2.42509e-05,-0.152261,0.838001
6.66,1.0,0.37083,1.38027,0.329645,1.37155,0.329264,1.01361,3.09458,2.4251e-05,-0.151695,0.833521
6.67,1.0,0.370017,1.38088,0.329792,1.3723,0.329411,1.01208,3.10289,2.42512e-05,-0.152927,0.829217
6.68,1.0,0.369201,1.38149,0.329938,1.3735,0.329533,1.01057,3.11116,2.42513e-05,-0.152284,0.824758
6.69,1.0,0.368386,1.38209,0.33008,1.37407,0.329705,1.00906,3.11939,2.42515e-05,-0.151648,0.820532
6.7,1.0,0.367569,1.38266,0.330217,1.37471,0.329801,1.00755,3.12758,2.42517e-05,-0.151012,0.816216
6.71,1.0,0.366761,1.38322,0.330352,1.37504,0.329895,1.00604,3.13572,2.42519e-05,-0.150401,0.812001
6.72,1.0,0.365954,1.3838,0.330491,1.37576,0.330103,1.00453,3.14382,2.42521e-05,-0.149796,0.807723
6.73,1.0,0.365148,1.3843,0.33061,1.37635,0.330195,1.00302,3.15188,2.42522e-05,-0.149218,0.803618
6.74,1.0,0.364337,1.38481,0.330734,1.37722,0.330366,1.00152,3.1599,2.42525e-05,-0.150241,0.799462
6.75,1.0,0.363534,1.38533,0.330858,1.37686,0.330465,1.00006,3.16787,2.42527e-05,-0.148673,0.795376
6.76,1.0,0.362739,1.38585,0.330983,1.37749,0.330594,0.99856,3.17581,2.4253e-05,-0.149389,0.791182
6.77,1.0,0.36194,1.38636,0.331106,1.37827,0.330738,0.997068,3.1837,2.42533e-05,-0.148818,0.787118
6.78,1.0,0.361143,1.38687,0.331228,1.37868,0.330866,0.995574,3.19155,2.42536e-05,-0.148217,0.783085
6.79,1.0,0.360345,1.38736,0.331347,1.37936,0.331005,0.994079,3.19936,2.42539e-05,-0.147585,0.779083
6.8,1.0,0.35955,1.38785,0.331464,1.37973,0.331089,0.992584,3.20714,2.42542e-05,-0.146972,0.775063
6.81,1.0,0.35876,1.38832,0.331578,1.38025,0.331171,0.991094,3.21487,2.42545e-05,-0.147798,0.771116
6.82,1.0,0.35797,1.38879,0.331691,1.38085,0.331285,0.989646,3.22256,2.42549e-05,-0.147195,0.767157
6.83,1.0,0.357175,1.38925,0.331801,1.38123,0.331372,0.988197,3.23021,2.42552e-05,-0.146602,0.763214
6.84,1.0,0.356386,1.3897,0.331908,1.38187,0.331508,0.986746,3.23783,2.42555e-05,-0.146022,0.759229
6.85,1.0,0.355599,1.39014,0.332015,1.38163,0.331606,0.985295,3.2454,2.42558e-05,-0.14547,0.755342
6.86,1.0,0.354819,1.39059,0.332122,1.38155,0.331709,0.983832,3.25294,2.42561e-05,-0.145166,0.751362
6.87,1.0,0.354039,1.39103,0.332227,1.38221,0.331825,0.982353,3.26043,2.42564e-05,-0.144628,0.747571
6.88,1.0,0.35326,1.39146,0.332331,1.38278,0.33189,0.980885,3.26789,2.42568e-05,-0.1453,0.743662
6.89,1.0,0.352482,1.39188,0.332431,1.38292,0.331955,0.979452,3.27531,2.42571e-05,-0.144694,0.73988
6.9,1.0,0.351704,1.39228,0.332528,1.38359,0.33208,0.978018,3.28269,2.42574e-05,-0.144078,0.735979
6.91,1.0,0.350929,1.39268,0.332624,1.38411,0.332204,0.976584,3.29003,2.42578e-05,-0.143452,0.732241
6.92,1.0,0.35016,1.39307,0.332719,1.38449,0.332315,0.975149,3.29734,2.42581e-05,-0.142859,0.728335
6.93,1.0,0.349389,1.39346,0.332812,1.38532,0.332411,0.973712,3.30461,2.42584e-05,-0.142251,0.724658
6.94,1.0,0.348621,1.39384,0.332903,1.38577,0.332522,0.972276,3.31184,2.42588e-05,-0.141646,0.720872
6.95,1.0,0.347855,1.39421,0.332991,1.38617,0.332574,0.970863,3.31903,2.42592e-05,-0.142196,0.717227
6.96,1.0,0.347097,1.39457,0.333078,1.38656,0.332708,0.969472,3.32618,2.42595e-05,-0.141634,0.713505
6.97,1.0,0.346338,1.39493,0.333164,1.38615,0.332769,0.968067,3.3333,2.42599e-05,-0.141298,0.70988
6.98,1.0,0.345581,1.39528,0.333248,1.38648,0.332855,0.96665,3.34038,2.42602e-05,-0.140733,0.70618
6.99,1.0,0.344821,1.39562,0.333328,1.38745,0.332986,0.965231,3.34743,2.42606e-05,-0.140121,0.702581
7.0,1.0,0.344066,1.39596,0.33341,1.3879,0.333035,0.963812,3.35444,2.42609e-05,-0.139484,0.698918
7.01,1.0,0.343313,1.39631,0.333494,1.38784,0.333118,0.962393,3.36141,2.42613e-05,-0.138833,0.695314
7.02,1.0,0.342561,1.39664,0.333573,1.38817,0.333182,0.961013,3.36835,2.42616e-05,-0.139261,0.691813
7.03,1.0,0.341813,1.39697,0.33365,1.38861,0.333242,0.95964,3.37528,2.42621e-05,-0.13863,0.688259
7.04,1.0,0.341067,1.39728,0.333726,1.3886,0.333282,0.958266,3.38211,2.42625e-05,-0.137999,0.684835
7.05,1.0,0.340321,1.39758,0.333798,1.38887,0.333415,0.956893,3.38895,2.42628e-05,-0.137366,0.6814
7.06,1.0,0.339577,1.39788,0.333869,1.38988,0.333513,0.955518,3.39575,2.42633e-05,-0.136736,0.678026
7.07,1.0,0.338835,1.39817,0.333939,1.38983,0.333544,0.954144,3.40251,2.42637e-05,-0.136122,0.674577
7.08,1.0,0.338095,1.39845,0.334006,1.38977,0.333668,0.952774,3.40924,2.42641e-05,-0.136728,0.671213
7.09,1.0,0.337356,1.39873,0.334072,1.39003,0.33369,0.95142,3.41594,2.42645e-05,-0.13617,0.667849
7.1,1.0,0.33662,1.39901,0.334138,1.39007,0.333745,0.950066,3.4226,2.42649e-05,-0.135548,0.664417
7.11,1.0,0.335887,1.39927,0.3342,1.39066,0.3338,0.948711,3.42923,2.42653e-05,-0.134904,0.661179
7.12,1.0,0.335154,1.3996,0.334278,1.39135,0.333924,0.947357,3.43583,2.42657e-05,-0.13423,0.657875
7.13,1.0,0.334426,1.39989,0.334347,1.39123,0.33397,0.946003,3.44239,2.4266e-05,-0.133555,0.654677
7.14,1.0,0.3337,1.40017,0.334414,1.39209,0.334067,0.94465,3.44892,2.42664e-05,-0.13288,0.651416
7.15,1.0,0.332977,1.40052,0.334498,1.39251,0.334171,0.943325,3.45542,2.42667e-05,-0.13317,0.64819
7.16,1.0,0.332257,1.40083,0.334571,1.3925,0.3342,0.942016,3.46189,2.4267e-05,-0.13251,0.645026
7.17,1.0,0.33154,1.40109,0.334632,1.39281,0.334239,0.940707,3.46832,2.42674e-05,-0.131855,0.641812
7.18,1.0,0.33082,1.4013,0.334682,1.39317,0.334309,0.939399,3.47473,2.4268e-05,-0.131208,0.638672
7.19,1.0,0.330104,1.40153,0.334736,1.39284,0.334359,0.938091,3.4811,2.42686e-05,-0.130591,0.635492
7.2,1.0,0.329391,1.4018,0.334799,1.39301,0.334488,0.93677,3.48744,2.4269e-05,-0.130156,0.632333
7.21,1.0,0.328679,1.40203,0.334853,1.39322,0.334522,0.935442,3.49375,2.42695e-05,-0.130442,0.62921
7.22,1.0,0.327969,1.40231,0.33492,1.39404,0.334613,0.934154,3.50017,2.427e-05,-0.129776,0.626075
7.23,1.0,0.327263,1.40264,0.334998,1.39435,0.334677,0.932867,3.50627,2.42702e-05,-0.129079,0.622964
7.24,1.0,0.326563,1.40287,0.335051,1.39432,0.334693,0.93158,3.51249,2.42708e-05,-0.128413,0.619855
7.25,1.0,0.325858,1.40305,0.335093,1.39503,0.334775,0.930294,3.51867,2.42715e-05,-0.127723,0.616797
7.26,1.0,0.325157,1.40325,0.335139,1.39537,0.334822,0.929009,3.52482,2.42723e-05,-0.127028,0.613732
7.27,1.0,0.324464,1.40347,0.335192,1.39508,0.334845,0.927726,3.53095,2.4273e-05,-0.126335,0.610657
7.28,1.0,0.323772,1.40366,0.335235,1.39532,0.334903,0.926464,3.53704,2.42738e-05,-0.126539,0.607645
7.29,1.0,0.323079,1.40384,0.335276,1.39594,0.334969,0.925222,3.5431,2.42746e-05,-0.125865,0.604607
7.3,1.0,0.322391,1.4041,0.335338,1.3958,0.334991,0.923982,3.54913,2.42754e-05,-0.125182,0.601543
7.31,1.0,0.32171,1.40442,0.335413,1.39605,0.335052,0.922742,3.55514,2.42762e-05,-0.124509,0.598588
7.32,1.0,0.321026,1.40464,0.335464,1.39541,0.33512,0.921497,3.56111,2.42771e-05,-0.124044,0.595563
7.33,1.0,0.320338,1.4048,0.335502,1.39607,0.335211,0.920237,3.56705,2.4278e-05,-0.123418,0.592641
7.34,1.0,0.319655,1.40493,0.335531,1.39606,0.335208,0.918978,3.57296,2.42792e-05,-0.122744,0.589679
7.35,1.0,0.318975,1.40505,0.335557,1.39626,0.335247,0.917757,3.57885,2.42806e-05,-0.122921,0.586665
7.36,1.0,0.318299,1.40526,0.335607,1.39668,0.335312,0.916539,3.5847,2.42821e-05,-0.12222,0.583822
7.37,1.0,0.317631,1.40556,0.335676,1.39705,0.335329,0.915323,3.59052,2.42835e-05,-0.121501,0.58094
7.38,1.0,0.31696,1.40576,0.335722,1.39745,0.335381,0.914108,3.59632,2.42853e-05,-0.120788,0.578005
7.39,1.0,0.316289,1.40588,0.335751,1.39739,0.335383,0.912895,3.60209,2.42874e-05,-0.120098,0.57518
7.4,1.0,0.31562,1.40597,0.335768,1.39767,0.335448,0.911684,3.60783,2.42899e-05,-0.119413,0.572305
7.41,1.0,0.314951,1.40602,0.335781,1.3976,0.335463,0.910488,3.61354,2.42929e-05,-0.119558,0.569463
7.42,1.0,0.314287,1.40612,0.335802,1.39734,0.335454,0.909316,3.61922,2.42963e-05,-0.118887,0.566693
7.43,1.0,0.31363,1.40628,0.33584,1.3978,0.335513,0.908146,3.62508,2.42994e-05,-0.118214,0.563781
7.44,1.0,0.31298,1.40657,0.335908,1.39789,0.335574,0.906977,3.6305,2.4302e-05,-0.117542,0.561054
7.45,1.0,0.312325,1.40672,0.335942,1.3975,0.335611,0.905801,3.63609,2.43046e-05,-0.117068,0.558324
7.46,1.0,0.31167,1.40679,0.335957,1.39763,0.335625,0.904613,3.64166,2.43081e-05,-0.116435,0.555493
7.47,1.0,0.311017,1.40683,0.335964,1.39791,0.335641,0.903426,3.64721,2.43123e-05,-0.115792,0.552814
7.48,1.0,0.310365,1.40685,0.335966,1.39799,0.335668,0.902271,3.65272,2.4317e-05,-0.115895,0.5501
7.49,1.0,0.309719,1.40695,0.33599,1.39806,0.33569,0.901123,3.65821,2.43214e-05,-0.115207,0.547335
7.5,1.0,0.309076,1.40708,0.336018,1.39827,0.335686,0.899977,3.66367,2.43249e-05,-0.114513,0.544679
7.51,1.0,0.308443,1.40733,0.336076,1.39905,0.335788,0.898833,3.66911,2.43257e-05,-0.113802,0.541971
7.52,1.0,0.307804,1.40746,0.336106,1.39944,0.335828,0.897691,3.67451,2.43277e-05,-0.113099,0.539253
7.53,1.0,0.307164,1.40749,0.336111,1.39953,0.335856,0.89655,3.67989,2.43306e-05,-0.112426,0.536632
7.54,1.0,0.306527,1.40747,0.336105,1.39943,0.335853,0.895422,3.68525,2.43346e-05,-0.112493,0.533998
7.55,1.0,0.305891,1.40744,0.336096,1.39967,0.335862,0.894319,3.69057,2.43393e-05,-0.111837,0.531287
7.56,1.0,0.305262,1.40745,0.336098,1.39926,0.335847,0.893218,3.69588,2.43443e-05,-0.11118,0.528748
7.57,1.0,0.304637,1.40757,0.336123,1.39952,0.335891,0.892118,3.70115,2.43472e-05,-0.110517,0.52611
7.58,1.0,0.304024,1.40785,0.33619,1.39945,0.335945,0.89102,3.7064,2.4346e-05,-0.109861,0.523519
7.59,1.0,0.303406,1.40797,0.336216,1.39941,0.33599,0.88991,3.71162,2.43441e-05,-0.109364,0.520969
7.6,1.0,0.302784,1.408,0.336219,1.3995,0.335984,0.888794,3.71682,2.43434e-05,-0.10873,0.51837
7.61,1.0,0.302164,1.40795,0.336206,1.39924,0.335962,0.887709,3.72199,2.43447e-05,-0.108776,0.515827
7.62,1.0,0.301546,1.40789,0.33619,1.39918,0.33595,0.88663,3.72714,2.43468e-05,-0.108128,0.513315
7.63,1.0,0.300931,1.40788,0.336186,1.39941,0.335958,0.885553,3.73226,2.43499e-05,-0.10747,0.510746
7.64,1.0,0.300326,1.408,0.336213,1.39965,0.335963,0.884477,3.73736,2.435e-05,-0.106825,0.508205
7.65,1.0,0.299728,1.4083,0.336282,1.3998,0.336032,0.883403,3.74243,2.43406e-05,-0.106112,0.505733
7.66,1.0,0.299125,1.40843,0.33631,1.40027,0.33605,0.882331,3.74747,2.43261e-05,-0.105427,0.503237
7.67,1.0,0.298516,1.40844,0.336311,1.40037,0.336061,0.881275,3.75249,2.43161e-05,-0.105417,0.50071
7.68,1.0,0.297908,1.40837,0.336292,1.40006,0.336018,0.88024,3.75749,2.43117e-05,-0.104774,0.498279
7.69,1.0,0.2973,1.40827,0.336266,1.3998,0.335973,0.879205,3.76246,2.43102e-05,-0.104131,0.495801
7.7,1.0,0.296701,1.40825,0.336258,1.4002,0.33605,0.878173,3.76741,2.43084e-05,-0.10349,0.493325
7.71,1.0,0.296108,1.40835,0.336282,1.39989,0.336042,0.877142,3.77233,2.43002e-05,-0.102831,0.490932
7.72,1.0,0.295529,1.40859,0.336335,1.40004,0.336062,0.876113,3.77723,2.42737e-05,-0.102173,0.488504
7.73,1.0,0.294947,1.40875,0.33637,1.39977,0.336122,0.875087,3.7821,2.42153e-05,-0.102195,0.486013
7.74,1.0,0.29436,1.4088,0.33638,1.39991,0.336156,0.874075,3.78695,2.41603e-05,-0.101656,0.483689
7.75,1.0,0.293768,1.40871,0.336355,1.39951,0.336109,0.873064,3.79178,2.41326e-05,-0.101039,0.48129
7.76,1.0,0.293176,1.40859,0.336324,1.39966,0.336066,0.872053,3.79658,2.41262e-05,-0.1004,0.478809
7.77,1.0,0.292595,1.40858,0.336321,1.39944,0.336061,0.871045,3.80135,2.41374e-05,-0.0997582,0.476476
7.78,1.0,0.292021,1.40867,0.336339,1.39984,0.336097,0.870038,3.80611,2.41742e-05,-0.0991105,0.474116
7.79,1.0,0.291476,1.40906,0.336429,1.4002,0.336188,0.869033,3.81084,2.43139e-05,-0.0984118,0.471713
7.8,1.0,0.290905,1.40914,0.336445,1.40018,0.336172,0.868053,3.81554,2.48431e-05,-0.0983716,0.469335
7.81,1.0,0.290328,1.40907,0.336425,1.40046,0.336157,0.867083,3.82022,2.59933e-05,-0.0977195,0.467053
7.82,1.0,0.289751,1.40894,0.336391,1.40051,0.336117,0.866115,3.82488,2.80546e-05,-0.0970857,0.464669
7.83,1.0,0.289186,1.40892,0.336384,1.40049,0.336137,0.865148,3.82952,3.18071e-05,-0.0964392,0.462333
7.84,1.0,0.288629,1.40899,0.336399,1.40051,0.336166,0.864184,3.83413,3.91819e-05,-0.095782,0.46007
7.85,1.0,0.2881,1.40935,0.336482,1.40087,0.336267,0.863221,3.83872,3.91743e-05,-0.0950932,0.457749
7.86,1.0,0.28755,1.40947,0.336505,1.40117,0.336287,0.862274,3.84329,3.88603e-05,-0.094985,0.455425
7.87,1.0,0.286981,1.40937,0.336478,1.40089,0.336261,0.861345,3.84783,3.91219e-05,-0.0943467,0.453219
7.88,1.0,0.286425,1.40926,0.336449,1.4009,0.336243,0.860417,3.85236,4.05478e-05,-0.0937364,0.450915
7.89,1.0,0.285883,1.40933,0.336463,1.40063,0.336265,0.859491,3.85685,4.47441e-05,-0.093144,0.448607
7.9,1.0,0.285353,1.40952,0.336505,1.40062,0.336343,0.858551,3.86133,4.82644e-05,-0.0925938,0.44634
7.91,1.0,0.284833,1.40974,0.336553,1.40086,0.336366,0.85761,3.86578,4.80498e-05,-0.0919618,0.444154
7.92,1.0,0.284282,1.40969,0.336537,1.40083,0.33635,0.856678,3.87021,4.83186e-05,-0.0918202,0.441923
7.93,1.0,0.283735,1.40956,0.336502,1.4009,0.336338,0.855771,3.87462,4.99598e-05,-0.091213,0.43966
7.94,1.0,0.283204,1.40958,0.336506,1.40127,0.336352,0.854865,3.87901,5.48899e-05,-0.0905844,0.437446
7.95,1.0,0.282689,1.40974,0.336541,1.40165,0.33639,0.853961,3.88337,5.62979e-05,-0.0899396,0.435297
7.96,1.0,0.282179,1.40992,0.336579,1.40193,0.33641,0.853058,3.88772,5.62971e-05,-0.0892977,0.433086
7.97,1.0,0.281645,1.40985,0.33656,1.40167,0.336397,0.852158,3.89204,5.69926e-05,-0.0886798,0.430909
7.98,1.0,0.281109,1.40972,0.336524,1.40164,0.336372,0.851262,3.89634,5.95675e-05,-0.0885186,0.428782
7.99,1.0,0.28059,1.40972,0.336522,1.40151,0.336346,0.850393,3.90061,6.65854e-05,-0.0879046,0.42662
8.0,1.0,0.280089,1.40987,0.336555,1.40164,0.336399,0.849526,3.90487,7.38549e-05,-0.0872809,0.424449
8.01,1.0,0.279586,1.40998,0.336577,1.40198,0.336414,0.848661,3.90911,7.39625e-05,-0.0866648,0.422371
8.02,1.0,0.27906,1.40989,0.336553,1.40177,0.336389,0.847797,3.91332,7.51648e-05,-0.0860554,0.420219
8.03,1.0,0.278543,1.40981,0.33653,1.40182,0.336346,0.846935,3.91751,7.90269e-05,-0.085465,0.418055
8.04,1.0,0.278039,1.40981,0.336529,1.40145,0.336336,0.846075,3.92192,8.92433e-05,-0.0852746,0.415909
8.05,1.0,0.277556,1.40999,0.336567,1.40187,0.336391,0.845243,3.92583,0.000110805,-0.0846737,0.413859
8.06,1.0,0.277053,1.40999,0.336565,1.40194,0.336432,0.844413,3.92996,0.000111174,-0.0841048,0.411774
8.07,1.0,0.276544,1.40988,0.336534,1.4008,0.336404,0.843581,3.93407,0.000113332,-0.0836446,0.409668
8.08,1.0,0.276045,1.40982,0.336517,1.40045,0.336367,0.842737,3.93815,0.000119678,-0.0830961,0.407807
8.09,1.0,0.275559,1.40985,0.336523,1.40077,0.336359,0.841894,3.94222,0.000136148,-0.082516,0.405508
8.1,1.0,0.275086,1.40998,0.336549,1.40158,0.336419,0.841054,3.94627,0.000170556,-0.0822827,0.403436
8.11,1.0,0.274593,1.40992,0.336534,1.40112,0.336385,0.840242,3.95029,0.00017194,-0.0817101,0.401362
8.12,1.0,0.274101,1.40982,0.336505,1.4008,0.336345,0.839431,3.95429,0.000176355,-0.0811428,0.399303
8.13,1.0,0.273624,1.40981,0.336502,1.40115,0.336332,0.838621,3.95828,0.000187862,-0.0805633,0.397277
8.14,1.0,0.273166,1.40994,0.33653,1.40134,0.336385,0.837813,3.96224,0.000218135,-0.0799745,0.395217
8.15,1.0,0.272693,1.40994,0.336527,1.40138,0.336372,0.837005,3.96618,0.000253347,-0.0793994,0.393189
8.16,1.0,0.272211,1.40984,0.336499,1.40102,0.336332,0.836204,3.97011,0.000257433,-0.0791624,0.391184
8.17,1.0,0.271739,1.40978,0.336484,1.40124,0.336329,0.835427,3.97401,0.000267346,-0.0785973,0.389169
8.18,1.0,0.271283,1.40982,0.336491,1.40136,0.336324,0.834651,3.97789,0.000291712,-0.0780309,0.387134
8.19,1.0,0.27083,1.40987,0.3365,1.40165,0.336339,0.833876,3.98175,0.00035177,-0.0774668,0.385102
8.2,1.0,0.270363,1.40979,0.336478,1.40142,0.336326,0.833102,3.9856,0.000357022,-0.0769174,0.383119
8.21,1.0,0.2699,1.4097,0.336455,1.40168,0.336316,0.832329,3.98942,0.000367498,-0.0763736,0.38115
8.22,1.0,0.269447,1.40967,0.336444,1.40125,0.336312,0.831566,3.99322,0.000390302,-0.0761171,0.379169
8.23,1.0,0.269011,1.40975,0.33646,1.40165,0.33635,0.830822,3.997,0.00044413,-0.0755674,0.377201
8.24,1.0,0.268561,1.4097,0.336447,1.40146,0.336313,0.830079,4.00076,0.000465117,-0.0750357,0.375526
8.25,1.0,0.268112,1.40961,0.336424,1.4013,0.336286,0.829336,4.00451,0.000477774,-0.0745231,0.373248
8.26,1.0,0.267674,1.40958,0.336415,1.40091,0.336299,0.828595,4.00823,0.000501941,-0.0740003,0.371325
8.27,1.0,0.267252,1.40965,0.336429,1.40071,0.336321,0.827848,4.01194,0.000555513,-0.0735504,0.369376
8.28,1.0,0.266821,1.40961,0.336417,1.40061,0.336312,0.82711,4.01576,0.000572041,-0.0732874,0.367416
8.29,1.0,0.26638,1.40952,0.336393,1.40081,0.336305,0.826382,4.01929,0.000588768,-0.0727975,0.36551
8.3,1.0,0.265954,1.40948,0.336382,1.40077,0.336292,0.825655,4.02293,0.000617165,-0.0722641,0.363596
8.31,1.0,0.26554,1.40951,0.336385,1.40096,0.336279,0.824929,4.02656,0.000655198,-0.0717305,0.361682
8.32,1.0,0.265118,1.40947,0.336375,1.40077,0.336274,0.824204,4.03017,0.00067137,-0.0712004,0.359781
8.33,1.0,0.264689,1.40941,0.336359,1.40113,0.336252,0.823479,4.03376,0.000692979,-0.0706737,0.35792
8.34,1.0,0.264273,1.40937,0.336348,1.40116,0.336241,0.822782,4.03733,0.000722582,-0.0703722,0.356066
8.35,1.0,0.26387,1.4094,0.336354,1.40102,0.33625,0.822085,4.04088,0.000739524,-0.0698455,0.354196
8.36,1.0,0.26346,1.40936,0.336342,1.40092,0.336247,0.82139,4.04441,0.000761085,-0.0693277,0.352319
8.37,1.0,0.263052,1.4093,0.336324,1.40082,0.336228,0.820695,4.04793,0.000789355,-0.068815,0.35046
8.38,1.0,0.262658,1.40928,0.33632,1.40121,0.336222,0.82,4.05143,0.000820245,-0.0682975,0.348641
8.39,1.0,0.26227,1.40929,0.33632,1.40142,0.336223,0.819317,4.0549,0.000843041,-0.0679747,0.346819
8.4,1.0,0.261872,1.40924,0.336306,1.40109,0.336214,0.81865,4.05836,0.000870905,-0.0674665,0.344981
8.41,1.0,0.261482,1.40919,0.336293,1.40133,0.336209,0.817983,4.0618,0.000908585,-0.0669671,0.343116
8.42,1.0,0.261104,1.40919,0.336292,1.40156,0.336191,0.817318,4.06522,0.000971056,-0.0664662,0.341239
8.43,1.0,0.260718,1.40915,0.336281,1.40118,0.336203,0.816652,4.06863,0.00109101,-0.0659687,0.339486
8.44,1.0,0.260325,1.40912,0.336272,1.4011,0.336214,0.815987,4.07202,0.00112952,-0.0654751,0.337654
8.45,1.0,0.259947,1.40911,0.33627,1.40082,0.336199,0.815345,4.07538,0.00119033,-0.0651499,0.335807
8.46,1.0,0.25957,1.40909,0.336263,1.40104,0.336173,0.814707,4.07873,0.00125129,-0.0646551,0.334003
8.47,1.0,0.259195,1.40906,0.336253,1.40135,0.336169,0.814069,4.08207,0.00131771,-0.0641756,0.332258
8.48,1.0,0.258832,1.40904,0.336248,1.40068,0.336172,0.813431,4.08538,0.00142404,-0.0637028,0.330462
8.49,1.0,0.25847,1.409,0.336239,1.40034,0.336178,0.812793,4.08868,0.00164127,-0.0632453,0.32865
8.5,1.0,0.258112,1.40899,0.336234,1.3999,0.336183,0.81216,4.09196,0.00220612,-0.0629469,0.32684
8.51,1.0,0.257758,1.40896,0.336227,1.4001,0.336179,0.811536,4.09522,0.00391922,-0.0625189,0.325064
8.52,1.0,0.257409,1.40895,0.336223,1.39966,0.33616,0.810912,4.09846,0.00907986,-0.061951,0.323283
8.53,1.0,0.257062,1.40892,0.336216,1.40018,0.336145,0.810288,4.10168,0.0189237,-0.0614418,0.321481
8.54,1.0,0.256707,1.4089,0.336211,1.4003,0.336159,0.809664,4.10489,0.0217634,-0.0609553,0.319683
8.55,1.0,0.256361,1.40887,0.336204,1.4002,0.33614,0.809043,4.10808,0.0247242,-0.0606869,0.317886
8.56,1.0,0.256021,1.40886,0.336201,1.40018,0.336129,0.808447,4.11125,0.0270112,-0.0602037,0.316094
8.57,1.0,0.255685,1.40885,0.336199,1.40017,0.336132,0.80785,4.1144,0.0281836,-0.0597147,0.314357
8.58,1.0,0.255353,1.40884,0.336196,1.40007,0.336135,0.807254,4.11754,0.0302932,-0.059222,0.312598
8.59,1.0,0.255027,1.40883,0.336193,1.40047,0.336133,0.806658,4.12066,0.0319309,-0.058736,0.310826
